Workbook

Sheet Dashboard
A1: Dashboard
B2: Overall | C2: W | D2: L | E2: T | F2: PTS | G2: GF | H2: GA | I2: GD | J2: PCT | K2: MP
A3: 1 | B3: BRAZUKAS | C3: =COUNTIFS(GamesId!K:K,A3,GamesId!M:M,"WIN")+COUNTIFS(GamesId!L:L,A3,GamesId!M:M,"DEFEAT",GamesId!F:F,"<"&TODAY()) -> 33 | D3: =COUNTIFS(GamesId!K:K,A3,GamesId!M:M,"DEFEAT")+COUNTIFS(GamesId!L:L,A3,GamesId!M:M,"WIN",GamesId!F:F,"<"&TODAY()) -> 44 | E3: =COUNTIFS(GamesId!K:K,A3,GamesId!M:M,"TIE",GamesId!F:F,"<"&TODAY()) -> 13 | F3: =3*C3+E3 -> 112 | G3: =SUMIFS(GamesId!C:C,GamesId!K:K,A3)+SUMIFS(GamesId!E:E,GamesId!L:L,A3) -> 357 | H3: =SUMIFS(GamesId!C:C,GamesId!L:L,A3)+SUMIFS(GamesId!E:E,GamesId!K:K,A3) -> 381 | I3: =G3-H3 -> -24 | J3: =F3/(K3*3) -> 0.41481481 | K3: =C3+D3+E3 -> 90
A4: 2 | B4: RECEBA | C4: =COUNTIFS(GamesId!K:K,A4,GamesId!M:M,"WIN")+COUNTIFS(GamesId!L:L,A4,GamesId!M:M,"DEFEAT",GamesId!F:F,"<"&TODAY()) -> 13 | D4: =COUNTIFS(GamesId!K:K,A4,GamesId!M:M,"DEFEAT")+COUNTIFS(GamesId!L:L,A4,GamesId!M:M,"WIN",GamesId!F:F,"<"&TODAY()) -> 1 | E4: =COUNTIFS(GamesId!K:K,A4,GamesId!M:M,"TIE",GamesId!F:F,"<"&TODAY()) -> 6 | F4: =3*C4+E4 -> 45 | G4: =SUMIFS(GamesId!C:C,GamesId!K:K,A4)+SUMIFS(GamesId!E:E,GamesId!L:L,A4) -> 122 | H4: =SUMIFS(GamesId!C:C,GamesId!L:L,A4)+SUMIFS(GamesId!E:E,GamesId!K:K,A4) -> 63 | I4: =G4-H4 -> 59 | J4: =F4/(K4*3) -> 0.75 | K4: =C4+D4+E4 -> 20
B10: Gols | C10: Team Name | G10: Assists | H10: Team Name
B11: PlayerName | C11: Brazukas | D11: RECEBA FC | E11: Grand Total | G11: PlayerName | H11: Brazukas | I11: RECEBA FC | J11: Grand Total
B12: Arthur Mendes | C12: 5 | D12: 6 | E12: 11 | G12: Guilherme Kuster | H12: 3 | I12: 3 | J12: 6
B13: Guilherme Kuster | C13: 5 | D13: 3 | E13: 8 | G13: Rafael Mattos | H13: 4 | J13: 4
B14: Rafael Franco | C14: 1 | D14: 6 | E14: 7 | G14: Cleiton Góes | H14: 1 | I14: 3 | J14: 4
B15: Marcelo Mazzafera | D15: 5 | E15: 5 | G15: Sergio Filho | I15: 3 | J15: 3
B16: Ranieri Filho | C16: 1 | D16: 3 | E16: 4 | G16: Rafael Franco | H16: 1 | I16: 2 | J16: 3
B17: Sergio Filho | C17: 3 | E17: 3 | G17: Arthur Mendes | I17: 3 | J17: 3
B18: Pablo Rodrigues | D18: 3 | E18: 3 | G18: Marcelo Mazzafera | I18: 2 | J18: 2
B19: Cleiton Góes | C19: 1 | D19: 2 | E19: 3 | G19: Emerson Bernardes | I19: 2 | J19: 2
B20: Tamir Guy | C20: 2 | E20: 2 | G20: Caio Scofield | H20: 2 | J20: 2
B21: Gustavo Bitencourt | C21: 2 | E21: 2 | G21: Tamir Guy | H21: 1 | J21: 1
B22: Flavio | D22: 2 | E22: 2 | G22: Ranieri Filho | H22: 1 | J22: 1
B23: Rafael Mattos | C23: 1 | E23: 1 | G23: Joao Pinto | I23: 1 | J23: 1
B24: Joao Pinto | D24: 1 | E24: 1 | G24: Joao Barros | H24: 1 | J24: 1
B25: Joao Barros | C25: 1 | E25: 1 | G25: Gustavo Bitencourt | H25: 1 | J25: 1
B26: Grand Total | C26: 22 | D26: 31 | E26: 53 | G26: Grand Total | H26: 15 | I26: 19 | J26: 34

Sheet EventID
A1: EventID | B1: EventType | C1: Event | D1: TeamID | E1: MatchID | F1: PlayerID | G1: PlayerName | H1: Qty | I1: Desc | J1: Team Name | K1: Date | L1: Temporada
A2: 1 | B2: MatchStat | C2: Gol | D2: 1 | E2: =GamesId!A89 -> 87 | F2: 10 | G2: {=if(ISNUMBER(F2),index(PlayerID!B:B,MATCH(F2,PlayerID!A:A,0)),"")} -> Arthur Mendes | H2: 1 | I2: Arthur driblou 3 dividiu com goleiro e botou bola pra dentro | J2: {=INDEX(TeamsID!B:B,MATCH(D2,TeamsID!A:A,0))} -> Brazukas | K2: {=INDEX(GamesId!F:F,MATCH(E2,GamesId!A:A,0))} -> 45041 | L2: {=INDEX(GamesId!J:J,MATCH(E2,GamesId!A:A,0))} -> Tues Men's D Spring 23
A3: =A2+1 -> 2 | B3: MatchStat | C3: Gol | D3: 1 | E3: =E2 -> 87 | F3: 10 | G3: {=if(ISNUMBER(F3),index(PlayerID!B:B,MATCH(F3,PlayerID!A:A,0)),"")} -> Arthur Mendes | H3: 1 | I3: Arthur pegou rebote em chute do Kuster | J3: {=INDEX(TeamsID!B:B,MATCH(D3,TeamsID!A:A,0))} -> Brazukas | K3: {=INDEX(GamesId!F:F,MATCH(E3,GamesId!A:A,0))} -> 45041 | L3: {=INDEX(GamesId!J:J,MATCH(E3,GamesId!A:A,0))} -> Tues Men's D Spring 23
A4: =A3+1 -> 3 | B4: MatchStat | C4: Assist | D4: 2 | E4: =GamesId!A112 -> 110 | F4: 8 | G4: {=if(ISNUMBER(F4),index(PlayerID!B:B,MATCH(F4,PlayerID!A:A,0)),"")} -> Cleiton Góes | H4: 1 | I4: Claiton Assist pro gol 4 do Arthur. | J4: {=INDEX(TeamsID!B:B,MATCH(D4,TeamsID!A:A,0))} -> RECEBA FC | K4: {=INDEX(GamesId!F:F,MATCH(E4,GamesId!A:A,0))} -> 45043 | L4: {=INDEX(GamesId!J:J,MATCH(E4,GamesId!A:A,0))} -> Thurs Men's D Spring 23
A5: =A4+1 -> 4 | B5: MatchStat | C5: Gol | D5: 2 | E5: 110 | F5: 10 | G5: {=if(ISNUMBER(F5),index(PlayerID!B:B,MATCH(F5,PlayerID!A:A,0)),"")} -> Arthur Mendes | H5: 4 | I5: Arthur marcou 4 gols nesse jogo | J5: {=INDEX(TeamsID!B:B,MATCH(D5,TeamsID!A:A,0))} -> RECEBA FC | K5: {=INDEX(GamesId!F:F,MATCH(E5,GamesId!A:A,0))} -> 45043 | L5: {=INDEX(GamesId!J:J,MATCH(E5,GamesId!A:A,0))} -> Thurs Men's D Spring 23
A6: =A5+1 -> 5 | B6: MatchStat | C6: Blue Card | D6: 2 | E6: 110 | F6: 2 | G6: {=if(ISNUMBER(F6),index(PlayerID!B:B,MATCH(F6,PlayerID!A:A,0)),"")} -> Guilherme Souza | I6: Agarrou jogador no contra ataque | J6: {=INDEX(TeamsID!B:B,MATCH(D6,TeamsID!A:A,0))} -> RECEBA FC | K6: {=INDEX(GamesId!F:F,MATCH(E6,GamesId!A:A,0))} -> 45043 | L6: {=INDEX(GamesId!J:J,MATCH(E6,GamesId!A:A,0))} -> Thurs Men's D Spring 23
A7: =A6+1 -> 6 | B7: MatchStat | C7: Blue Card | D7: 2 | E7: 110 | F7: 7 | G7: {=if(ISNUMBER(F7),index(PlayerID!B:B,MATCH(F7,PlayerID!A:A,0)),"")} -> Sergio Filho | H7: 1 | I7: atrapalhou saida do goleiro | J7: {=INDEX(TeamsID!B:B,MATCH(D7,TeamsID!A:A,0))} -> RECEBA FC | K7: {=INDEX(GamesId!F:F,MATCH(E7,GamesId!A:A,0))} -> 45043 | L7: {=INDEX(GamesId!J:J,MATCH(E7,GamesId!A:A,0))} -> Thurs Men's D Spring 23
A8: =A7+1 -> 7 | B8: MatchStat | C8: Assist | D8: 2 | E8: 110 | F8: 7 | G8: {=if(ISNUMBER(F8),index(PlayerID!B:B,MATCH(F8,PlayerID!A:A,0)),"")} -> Sergio Filho | H8: 3 | I8: 1 pro gol so arthur, 1 pro rato, 1 pro rani | J8: {=INDEX(TeamsID!B:B,MATCH(D8,TeamsID!A:A,0))} -> RECEBA FC | K8: {=INDEX(GamesId!F:F,MATCH(E8,GamesId!A:A,0))} -> 45043 | L8: {=INDEX(GamesId!J:J,MATCH(E8,GamesId!A:A,0))} -> Thurs Men's D Spring 23
A9: =A8+1 -> 8 | B9: MatchStat | C9: Gol | D9: 2 | E9: 110 | F9: 4 | G9: {=if(ISNUMBER(F9),index(PlayerID!B:B,MATCH(F9,PlayerID!A:A,0)),"")} -> Rafael Franco | H9: 1 | I9: Assist do Sergio | J9: {=INDEX(TeamsID!B:B,MATCH(D9,TeamsID!A:A,0))} -> RECEBA FC | K9: {=INDEX(GamesId!F:F,MATCH(E9,GamesId!A:A,0))} -> 45043 | L9: {=INDEX(GamesId!J:J,MATCH(E9,GamesId!A:A,0))} -> Thurs Men's D Spring 23
A10: =A9+1 -> 9 | B10: MatchStat | C10: Gol | D10: 2 | E10: 110 | F10: 6 | G10: {=if(ISNUMBER(F10),index(PlayerID!B:B,MATCH(F10,PlayerID!A:A,0)),"")} -> Ranieri Filho | H10: 1 | I10: Assist to sergio | J10: {=INDEX(TeamsID!B:B,MATCH(D10,TeamsID!A:A,0))} -> RECEBA FC | K10: {=INDEX(GamesId!F:F,MATCH(E10,GamesId!A:A,0))} -> 45043 | L10: {=INDEX(GamesId!J:J,MATCH(E10,GamesId!A:A,0))} -> Thurs Men's D Spring 23
A11: =A10+1 -> 10 | B11: MatchStat | C11: Obs | D11: 2 | E11: 110 | G11: {=if(ISNUMBER(F11),index(PlayerID!B:B,MATCH(F11,PlayerID!A:A,0)),"")} | I11: Juiza FDP | J11: {=INDEX(TeamsID!B:B,MATCH(D11,TeamsID!A:A,0))} -> RECEBA FC | K11: {=INDEX(GamesId!F:F,MATCH(E11,GamesId!A:A,0))} -> 45043 | L11: {=INDEX(GamesId!J:J,MATCH(E11,GamesId!A:A,0))} -> Thurs Men's D Spring 23
A12: =A11+1 -> 11 | B12: TeamStat | C12: StarPlayer | D12: 5 | E12: 87 | G12: {=if(ISNUMBER(F12),index(PlayerID!B:B,MATCH(F12,PlayerID!A:A,0)),"")} | I12: Rexona q fede pra porra | J12: {=INDEX(TeamsID!B:B,MATCH(D12,TeamsID!A:A,0))} -> Blackfoot Ballers | K12: {=INDEX(GamesId!F:F,MATCH(E12,GamesId!A:A,0))} -> 45041 | L12: {=INDEX(GamesId!J:J,MATCH(E12,GamesId!A:A,0))} -> Tues Men's D Spring 23
A13: =A12+1 -> 12 | B13: MatchStat | C13: MissedPK | D13: 1 | E13: =GamesId!A88 -> 86 | F13: 9 | G13: {=if(ISNUMBER(F13),index(PlayerID!B:B,MATCH(F13,PlayerID!A:A,0)),"")} -> Guilherme Kuster | H13: 1 | I13: Kuster Perdeu penalti | J13: {=INDEX(TeamsID!B:B,MATCH(D13,TeamsID!A:A,0))} -> Brazukas | K13: {=INDEX(GamesId!F:F,MATCH(E13,GamesId!A:A,0))} -> 45034 | L13: {=INDEX(GamesId!J:J,MATCH(E13,GamesId!A:A,0))} -> Tues Men's D Spring 23
A14: =A13+1 -> 13 | B14: MatchStat | C14: Gol | D14: 1 | E14: 88 | F14: 10 | G14: {=if(ISNUMBER(F14),index(PlayerID!B:B,MATCH(F14,PlayerID!A:A,0)),"")} -> Arthur Mendes | H14: 1 | I14: Gol 1- Arthur Chuta forte da ponta direita. | J14: {=INDEX(TeamsID!B:B,MATCH(D14,TeamsID!A:A,0))} -> Brazukas | K14: {=INDEX(GamesId!F:F,MATCH(E14,GamesId!A:A,0))} -> 45048 | L14: {=INDEX(GamesId!J:J,MATCH(E14,GamesId!A:A,0))} -> Tues Men's D Spring 23
A15: =A14+1 -> 14 | B15: MatchStat | C15: Gol | D15: 1 | E15: 88 | F15: 9 | G15: {=if(ISNUMBER(F15),index(PlayerID!B:B,MATCH(F15,PlayerID!A:A,0)),"")} -> Guilherme Kuster | H15: 1 | I15: Gol 2 - Kuster Chuta de canhota do meio da rua cruzado. Bola vai no canto e goleiro aceita | J15: {=INDEX(TeamsID!B:B,MATCH(D15,TeamsID!A:A,0))} -> Brazukas | K15: {=INDEX(GamesId!F:F,MATCH(E15,GamesId!A:A,0))} -> 45048 | L15: {=INDEX(GamesId!J:J,MATCH(E15,GamesId!A:A,0))} -> Tues Men's D Spring 23
A16: =A15+1 -> 15 | B16: MatchStat | C16: Gol | D16: 1 | E16: 88 | F16: 8 | G16: {=if(ISNUMBER(F16),index(PlayerID!B:B,MATCH(F16,PlayerID!A:A,0)),"")} -> Cleiton Góes | H16: 1 | I16: Gol 3 - Cleiton dribla 2 na entrada da area e bate por cima do goleiro. Golaço | J16: {=INDEX(TeamsID!B:B,MATCH(D16,TeamsID!A:A,0))} -> Brazukas | K16: {=INDEX(GamesId!F:F,MATCH(E16,GamesId!A:A,0))} -> 45048 | L16: {=INDEX(GamesId!J:J,MATCH(E16,GamesId!A:A,0))} -> Tues Men's D Spring 23
A17: =A16+1 -> 16 | B17: MatchStat | C17: Gol | D17: 1 | E17: 88 | F17: 9 | G17: {=if(ISNUMBER(F17),index(PlayerID!B:B,MATCH(F17,PlayerID!A:A,0)),"")} -> Guilherme Kuster | H17: 1 | I17: Gol 4 - Kuster pegar rebote na area | J17: {=INDEX(TeamsID!B:B,MATCH(D17,TeamsID!A:A,0))} -> Brazukas | K17: {=INDEX(GamesId!F:F,MATCH(E17,GamesId!A:A,0))} -> 45048 | L17: {=INDEX(GamesId!J:J,MATCH(E17,GamesId!A:A,0))} -> Tues Men's D Spring 23
A18: =A17+1 -> 17 | B18: MatchStat | C18: Gol | D18: 1 | E18: 88 | F18: 7 | G18: {=if(ISNUMBER(F18),index(PlayerID!B:B,MATCH(F18,PlayerID!A:A,0)),"")} -> Sergio Filho | H18: 1 | I18: Gol 5 - Sergio faz gol em bela triangulacao. Assist do Rani | J18: {=INDEX(TeamsID!B:B,MATCH(D18,TeamsID!A:A,0))} -> Brazukas | K18: {=INDEX(GamesId!F:F,MATCH(E18,GamesId!A:A,0))} -> 45048 | L18: {=INDEX(GamesId!J:J,MATCH(E18,GamesId!A:A,0))} -> Tues Men's D Spring 23
A19: =A18+1 -> 18 | B19: MatchStat | C19: Gol | D19: 1 | E19: 88 | F19: 7 | G19: {=if(ISNUMBER(F19),index(PlayerID!B:B,MATCH(F19,PlayerID!A:A,0)),"")} -> Sergio Filho | H19: 1 | I19: Gol 6 - Em outra triangulacao , Rafa matos desvia e bola sobra no meio da area para Sergio botar pra dentro | J19: {=INDEX(TeamsID!B:B,MATCH(D19,TeamsID!A:A,0))} -> Brazukas | K19: {=INDEX(GamesId!F:F,MATCH(E19,GamesId!A:A,0))} -> 45048 | L19: {=INDEX(GamesId!J:J,MATCH(E19,GamesId!A:A,0))} -> Tues Men's D Spring 23
A20: =A19+1 -> 19 | B20: MatchStat | C20: Assist | D20: 1 | E20: 88 | F20: 18 | G20: {=if(ISNUMBER(F20),index(PlayerID!B:B,MATCH(F20,PlayerID!A:A,0)),"")} -> Rafael Mattos | H20: 1 | I20: Gol 1- Arthur Chuta forte da ponta direita. | J20: {=INDEX(TeamsID!B:B,MATCH(D20,TeamsID!A:A,0))} -> Brazukas | K20: {=INDEX(GamesId!F:F,MATCH(E20,GamesId!A:A,0))} -> 45048 | L20: {=INDEX(GamesId!J:J,MATCH(E20,GamesId!A:A,0))} -> Tues Men's D Spring 23
A21: =A20+1 -> 20 | B21: MatchStat | C21: Assist | D21: 1 | E21: 88 | F21: 6 | G21: {=if(ISNUMBER(F21),index(PlayerID!B:B,MATCH(F21,PlayerID!A:A,0)),"")} -> Ranieri Filho | H21: 1 | I21: Gol 5 - Sergio faz gol em bela triangulacao. Assist do Rani | J21: {=INDEX(TeamsID!B:B,MATCH(D21,TeamsID!A:A,0))} -> Brazukas | K21: {=INDEX(GamesId!F:F,MATCH(E21,GamesId!A:A,0))} -> 45048 | L21: {=INDEX(GamesId!J:J,MATCH(E21,GamesId!A:A,0))} -> Tues Men's D Spring 23
A22: =A21+1 -> 21 | B22: MatchStat | C22: Assist | D22: 1 | E22: 88 | F22: 18 | G22: {=if(ISNUMBER(F22),index(PlayerID!B:B,MATCH(F22,PlayerID!A:A,0)),"")} -> Rafael Mattos | H22: 1 | I22: Gol 6 - Em outra triangulacao , Rafa matos desvia e bola sobra no meio da area para Sergio botar pra dentro | J22: {=INDEX(TeamsID!B:B,MATCH(D22,TeamsID!A:A,0))} -> Brazukas | K22: {=INDEX(GamesId!F:F,MATCH(E22,GamesId!A:A,0))} -> 45048 | L22: {=INDEX(GamesId!J:J,MATCH(E22,GamesId!A:A,0))} -> Tues Men's D Spring 23
A23: =A22+1 -> 22 | B23: MatchStat | C23: Assist | D23: 1 | E23: 88 | F23: 13 | G23: {=if(ISNUMBER(F23),index(PlayerID!B:B,MATCH(F23,PlayerID!A:A,0)),"")} -> Caio Scofield | H23: 1 | I23: Gol 4 - Kuster pegar rebote na area | J23: {=INDEX(TeamsID!B:B,MATCH(D23,TeamsID!A:A,0))} -> Brazukas | K23: {=INDEX(GamesId!F:F,MATCH(E23,GamesId!A:A,0))} -> 45048 | L23: {=INDEX(GamesId!J:J,MATCH(E23,GamesId!A:A,0))} -> Tues Men's D Spring 23
A24: =A23+1 -> 23 | B24: TeamStat | C24: StarPlayer | D24: 5 | E24: 88 | G24: {=if(ISNUMBER(F24),index(PlayerID!B:B,MATCH(F24,PlayerID!A:A,0)),"")} | I24: Goleiro Higuita | J24: {=INDEX(TeamsID!B:B,MATCH(D24,TeamsID!A:A,0))} -> Blackfoot Ballers | K24: {=INDEX(GamesId!F:F,MATCH(E24,GamesId!A:A,0))} -> 45048 | L24: {=INDEX(GamesId!J:J,MATCH(E24,GamesId!A:A,0))} -> Tues Men's D Spring 23
A25: =A24+1 -> 24 | B25: MatchStat | C25: Obs | D25: 1 | E25: 88 | G25: {=if(ISNUMBER(F25),index(PlayerID!B:B,MATCH(F25,PlayerID!A:A,0)),"")} | I25: Sérgio perdendo bola e mandando aí canela pra não voltar , cara mandou um alley woop pro gol | J25: {=INDEX(TeamsID!B:B,MATCH(D25,TeamsID!A:A,0))} -> Brazukas | K25: {=INDEX(GamesId!F:F,MATCH(E25,GamesId!A:A,0))} -> 45048 | L25: {=INDEX(GamesId!J:J,MATCH(E25,GamesId!A:A,0))} -> Tues Men's D Spring 23
A26: =A25+1 -> 25 | B26: MatchStat | C26: Gol | D26: 2 | E26: 111 | F26: 9 | G26: {=if(ISNUMBER(F26),index(PlayerID!B:B,MATCH(F26,PlayerID!A:A,0)),"")} -> Guilherme Kuster | H26: 1 | I26: Gol 1- Gol kuster. Assistencia usando tabela do Arthur | J26: {=INDEX(TeamsID!B:B,MATCH(D26,TeamsID!A:A,0))} -> RECEBA FC | K26: {=INDEX(GamesId!F:F,MATCH(E26,GamesId!A:A,0))} -> 45050 | L26: {=INDEX(GamesId!J:J,MATCH(E26,GamesId!A:A,0))} -> Thurs Men's D Spring 23
A27: =A26+1 -> 26 | B27: MatchStat | C27: Gol | D27: 2 | E27: 111 | F27: 14 | G27: {=if(ISNUMBER(F27),index(PlayerID!B:B,MATCH(F27,PlayerID!A:A,0)),"")} -> Marcelo Mazzafera | H27: 1 | I27: Gol 2- Golasso do mazza. Golasso pq dificultou o lance sozinho aí teve q driblar uns 3 | J27: {=INDEX(TeamsID!B:B,MATCH(D27,TeamsID!A:A,0))} -> RECEBA FC | K27: {=INDEX(GamesId!F:F,MATCH(E27,GamesId!A:A,0))} -> 45050 | L27: {=INDEX(GamesId!J:J,MATCH(E27,GamesId!A:A,0))} -> Thurs Men's D Spring 23
A28: =A27+1 -> 27 | B28: MatchStat | C28: Gol | D28: 2 | E28: 111 | F28: 4 | G28: {=if(ISNUMBER(F28),index(PlayerID!B:B,MATCH(F28,PlayerID!A:A,0)),"")} -> Rafael Franco | H28: 1 | I28: Gol 3- Rato chute da ponta esquerda. Assist Cleiton | J28: {=INDEX(TeamsID!B:B,MATCH(D28,TeamsID!A:A,0))} -> RECEBA FC | K28: {=INDEX(GamesId!F:F,MATCH(E28,GamesId!A:A,0))} -> 45050 | L28: {=INDEX(GamesId!J:J,MATCH(E28,GamesId!A:A,0))} -> Thurs Men's D Spring 23
A29: =A28+1 -> 28 | B29: MatchStat | C29: Gol | D29: 2 | E29: 111 | F29: 9 | G29: {=if(ISNUMBER(F29),index(PlayerID!B:B,MATCH(F29,PlayerID!A:A,0)),"")} -> Guilherme Kuster | H29: 1 | I29: Gol 4-Kuster chute de longe. Goleirão q tava bem foi dar golpe de vista e passou vergonha. Não lembro da assists. Acho q kuster roubou bola | J29: {=INDEX(TeamsID!B:B,MATCH(D29,TeamsID!A:A,0))} -> RECEBA FC | K29: {=INDEX(GamesId!F:F,MATCH(E29,GamesId!A:A,0))} -> 45050 | L29: {=INDEX(GamesId!J:J,MATCH(E29,GamesId!A:A,0))} -> Thurs Men's D Spring 23
A30: =A29+1 -> 29 | B30: MatchStat | C30: Gol | D30: 2 | E30: 111 | F30: 4 | G30: {=if(ISNUMBER(F30),index(PlayerID!B:B,MATCH(F30,PlayerID!A:A,0)),"")} -> Rafael Franco | H30: 1 | I30: Gol 5- Rato rouba bola no ataque num bate rebate e poe pra dentro | J30: {=INDEX(TeamsID!B:B,MATCH(D30,TeamsID!A:A,0))} -> RECEBA FC | K30: {=INDEX(GamesId!F:F,MATCH(E30,GamesId!A:A,0))} -> 45050 | L30: {=INDEX(GamesId!J:J,MATCH(E30,GamesId!A:A,0))} -> Thurs Men's D Spring 23
A31: =A30+1 -> 30 | B31: MatchStat | C31: Gol | D31: 2 | E31: 111 | F31: 10 | G31: {=if(ISNUMBER(F31),index(PlayerID!B:B,MATCH(F31,PlayerID!A:A,0)),"")} -> Arthur Mendes | H31: 1 | I31: Gol 6- Arthur recebe Passe de penis domina na velocidade pra cima do zagueiro e bate no meio das perna do goleiro | J31: {=INDEX(TeamsID!B:B,MATCH(D31,TeamsID!A:A,0))} -> RECEBA FC | K31: {=INDEX(GamesId!F:F,MATCH(E31,GamesId!A:A,0))} -> 45050 | L31: {=INDEX(GamesId!J:J,MATCH(E31,GamesId!A:A,0))} -> Thurs Men's D Spring 23
A32: =A31+1 -> 31 | B32: MatchStat | C32: Assist | D32: 2 | E32: 111 | F32: 10 | G32: {=if(ISNUMBER(F32),index(PlayerID!B:B,MATCH(F32,PlayerID!A:A,0)),"")} -> Arthur Mendes | H32: 1 | I32: Gol 1- Gol kuster. Assistencia usando tabela do Arthur | J32: {=INDEX(TeamsID!B:B,MATCH(D32,TeamsID!A:A,0))} -> RECEBA FC | K32: {=INDEX(GamesId!F:F,MATCH(E32,GamesId!A:A,0))} -> 45050 | L32: {=INDEX(GamesId!J:J,MATCH(E32,GamesId!A:A,0))} -> Thurs Men's D Spring 23
A33: =A32+1 -> 32 | B33: MatchStat | C33: Assist | D33: 2 | E33: 111 | F33: 8 | G33: {=if(ISNUMBER(F33),index(PlayerID!B:B,MATCH(F33,PlayerID!A:A,0)),"")} -> Cleiton Góes | H33: 1 | I33: Gol 3- Rato chute da ponta esquerda. Assist Cleiton | J33: {=INDEX(TeamsID!B:B,MATCH(D33,TeamsID!A:A,0))} -> RECEBA FC | K33: {=INDEX(GamesId!F:F,MATCH(E33,GamesId!A:A,0))} -> 45050 | L33: {=INDEX(GamesId!J:J,MATCH(E33,GamesId!A:A,0))} -> Thurs Men's D Spring 23
A34: =A33+1 -> 33 | B34: MatchStat | C34: Assist | D34: 2 | E34: 111 | F34: 3 | G34: {=if(ISNUMBER(F34),index(PlayerID!B:B,MATCH(F34,PlayerID!A:A,0)),"")} -> Joao Pinto | H34: 1 | I34: =I31 -> Gol 6- Arthur recebe Passe de penis domina na velocidade pra cima do zagueiro e bate no meio das perna do goleiro | J34: {=INDEX(TeamsID!B:B,MATCH(D34,TeamsID!A:A,0))} -> RECEBA FC | K34: {=INDEX(GamesId!F:F,MATCH(E34,GamesId!A:A,0))} -> 45050 | L34: {=INDEX(GamesId!J:J,MATCH(E34,GamesId!A:A,0))} -> Thurs Men's D Spring 23
A35: =A34+1 -> 34 | B35: MatchStat | C35: Missed Chance | D35: 1 | E35: 111 | F35: 14 | G35: {=if(ISNUMBER(F35),index(PlayerID!B:B,MATCH(F35,PlayerID!A:A,0)),"")} -> Marcelo Mazzafera | H35: 2 | I35: Mazza perdeu um gol 100% na escala deivid. Outro 50% no final do jogo | J35: {=INDEX(TeamsID!B:B,MATCH(D35,TeamsID!A:A,0))} -> Brazukas | K35: {=INDEX(GamesId!F:F,MATCH(E35,GamesId!A:A,0))} -> 45050 | L35: {=INDEX(GamesId!J:J,MATCH(E35,GamesId!A:A,0))} -> Thurs Men's D Spring 23
A36: =A35+1 -> 35 | B36: MatchStat | C36: Gol | D36: 1 | E36: 89 | F36: 5 | G36: {=if(ISNUMBER(F36),index(PlayerID!B:B,MATCH(F36,PlayerID!A:A,0)),"")} -> Joao Barros | H36: 1 | I36: Gol 1- Joao Barros rouba bola no campo de defesa conduz a bola ate a intermediaria e solta um tiro de longa distancia | J36: {=INDEX(TeamsID!B:B,MATCH(D36,TeamsID!A:A,0))} -> Brazukas | K36: {=INDEX(GamesId!F:F,MATCH(E36,GamesId!A:A,0))} -> 45055 | L36: {=INDEX(GamesId!J:J,MATCH(E36,GamesId!A:A,0))} -> Tues Men's D Spring 23
A37: =A36+1 -> 36 | B37: MatchStat | C37: Gol | D37: 1 | E37: 89 | F37: 15 | G37: {=if(ISNUMBER(F37),index(PlayerID!B:B,MATCH(F37,PlayerID!A:A,0)),"")} -> Gustavo Bitencourt | H37: 1 | I37: Gol 2 - Gol Gustavo. Assist Cleiton | J37: {=INDEX(TeamsID!B:B,MATCH(D37,TeamsID!A:A,0))} -> Brazukas | K37: {=INDEX(GamesId!F:F,MATCH(E37,GamesId!A:A,0))} -> 45055 | L37: {=INDEX(GamesId!J:J,MATCH(E37,GamesId!A:A,0))} -> Tues Men's D Spring 23
A38: =A37+1 -> 37 | B38: MatchStat | C38: Gol | D38: 1 | E38: 89 | F38: 16 | G38: {=if(ISNUMBER(F38),index(PlayerID!B:B,MATCH(F38,PlayerID!A:A,0)),"")} -> Tamir Guy | H38: 1 | I38: Gol 3 - Gol do tamir depois de passe do Caio | J38: {=INDEX(TeamsID!B:B,MATCH(D38,TeamsID!A:A,0))} -> Brazukas | K38: {=INDEX(GamesId!F:F,MATCH(E38,GamesId!A:A,0))} -> 45055 | L38: {=INDEX(GamesId!J:J,MATCH(E38,GamesId!A:A,0))} -> Tues Men's D Spring 23
A39: =A38+1 -> 38 | B39: MatchStat | C39: Gol | D39: 1 | E39: 89 | F39: 10 | G39: {=if(ISNUMBER(F39),index(PlayerID!B:B,MATCH(F39,PlayerID!A:A,0)),"")} -> Arthur Mendes | H39: 1 | I39: Gol 4 - Gol Arthur, chute cruzado da ponta direita. Assit do tamir cobrando lateral. | J39: {=INDEX(TeamsID!B:B,MATCH(D39,TeamsID!A:A,0))} -> Brazukas | K39: {=INDEX(GamesId!F:F,MATCH(E39,GamesId!A:A,0))} -> 45055 | L39: {=INDEX(GamesId!J:J,MATCH(E39,GamesId!A:A,0))} -> Tues Men's D Spring 23
A40: =A39+1 -> 39 | B40: MatchStat | C40: Assist | D40: 1 | E40: 89 | F40: 8 | G40: {=if(ISNUMBER(F40),index(PlayerID!B:B,MATCH(F40,PlayerID!A:A,0)),"")} -> Cleiton Góes | H40: 1 | I40: Gol 2 - Gol Gustavo. Assist Cleiton | J40: {=INDEX(TeamsID!B:B,MATCH(D40,TeamsID!A:A,0))} -> Brazukas | K40: {=INDEX(GamesId!F:F,MATCH(E40,GamesId!A:A,0))} -> 45055 | L40: {=INDEX(GamesId!J:J,MATCH(E40,GamesId!A:A,0))} -> Tues Men's D Spring 23
A41: =A40+1 -> 40 | B41: MatchStat | C41: Assist | D41: 1 | E41: 89 | F41: 13 | G41: {=if(ISNUMBER(F41),index(PlayerID!B:B,MATCH(F41,PlayerID!A:A,0)),"")} -> Caio Scofield | H41: 1 | I41: Gol 3 - Gol do tamir depois de passe do Caio | J41: {=INDEX(TeamsID!B:B,MATCH(D41,TeamsID!A:A,0))} -> Brazukas | K41: {=INDEX(GamesId!F:F,MATCH(E41,GamesId!A:A,0))} -> 45055 | L41: {=INDEX(GamesId!J:J,MATCH(E41,GamesId!A:A,0))} -> Tues Men's D Spring 23
A42: =A41+1 -> 41 | B42: MatchStat | C42: Assist | D42: 1 | E42: 89 | F42: 16 | G42: {=if(ISNUMBER(F42),index(PlayerID!B:B,MATCH(F42,PlayerID!A:A,0)),"")} -> Tamir Guy | H42: 1 | I42: Gol 4 - Gol Arthur, chute cruzado da ponta direita. Assit do tamir cobrando lateral. | J42: {=INDEX(TeamsID!B:B,MATCH(D42,TeamsID!A:A,0))} -> Brazukas | K42: {=INDEX(GamesId!F:F,MATCH(E42,GamesId!A:A,0))} -> 45055 | L42: {=INDEX(GamesId!J:J,MATCH(E42,GamesId!A:A,0))} -> Tues Men's D Spring 23
A43: =A42+1 -> 42 | B43: MatchStat | C43: Gol | D43: 2 | E43: 112 | F43: 10 | G43: {=if(ISNUMBER(F43),index(PlayerID!B:B,MATCH(F43,PlayerID!A:A,0)),"")} -> Arthur Mendes | H43: 1 | I43: Gol 1 - Gol do Arthur. Sérgio estica pro rato q passa pro meio. Arthur domina tirando do zagueiro e goleiro e bate cruzado pra dentro do gol | J43: {=INDEX(TeamsID!B:B,MATCH(D43,TeamsID!A:A,0))} -> RECEBA FC | K43: {=INDEX(GamesId!F:F,MATCH(E43,GamesId!A:A,0))} -> 45057 | L43: {=INDEX(GamesId!J:J,MATCH(E43,GamesId!A:A,0))} -> Thurs Men's D Spring 23
A44: =A43+1 -> 43 | B44: MatchStat | C44: Gol | D44: 2 | E44: 112 | F44: 14 | G44: {=if(ISNUMBER(F44),index(PlayerID!B:B,MATCH(F44,PlayerID!A:A,0)),"")} -> Marcelo Mazzafera | H44: 1 | I44: Gol 2 - Mazza. Jogada pela ponta esquerda humilhando o zagueiro e deu de biquinho no meio das perna do goleiro | J44: {=INDEX(TeamsID!B:B,MATCH(D44,TeamsID!A:A,0))} -> RECEBA FC | K44: {=INDEX(GamesId!F:F,MATCH(E44,GamesId!A:A,0))} -> 45057 | L44: {=INDEX(GamesId!J:J,MATCH(E44,GamesId!A:A,0))} -> Thurs Men's D Spring 23
A45: =A44+1 -> 44 | B45: MatchStat | C45: Gol | D45: 2 | E45: 112 | F45: 6 | G45: {=if(ISNUMBER(F45),index(PlayerID!B:B,MATCH(F45,PlayerID!A:A,0)),"")} -> Ranieri Filho | H45: 1 | I45: Gol 3 - Ranieri. Contra ataque assist do Emerson . Corta luz a lá Rivaldo do Cleiton. Ranierto carlos fuzilou pra dentro. | J45: {=INDEX(TeamsID!B:B,MATCH(D45,TeamsID!A:A,0))} -> RECEBA FC | K45: {=INDEX(GamesId!F:F,MATCH(E45,GamesId!A:A,0))} -> 45057 | L45: {=INDEX(GamesId!J:J,MATCH(E45,GamesId!A:A,0))} -> Thurs Men's D Spring 23
A46: =A45+1 -> 45 | B46: MatchStat | C46: Gol | D46: 2 | E46: 112 | F46: 3 | G46: {=if(ISNUMBER(F46),index(PlayerID!B:B,MATCH(F46,PlayerID!A:A,0)),"")} -> Joao Pinto | H46: 1 | I46: Gol 4 - Gol do Penis. Tabela com Emerson em um contra ataque | J46: {=INDEX(TeamsID!B:B,MATCH(D46,TeamsID!A:A,0))} -> RECEBA FC | K46: {=INDEX(GamesId!F:F,MATCH(E46,GamesId!A:A,0))} -> 45057 | L46: {=INDEX(GamesId!J:J,MATCH(E46,GamesId!A:A,0))} -> Thurs Men's D Spring 23
... A48: =A47+1 -> 47 | B48: MatchStat | C48: Gol | D48: 2 | E48: 112 | F48: 4 | G48: {=if(ISNUMBER(F48),index(PlayerID!B:B,MATCH(F48,PlayerID!A:A,0)),"")} -> Rafael Franco | H48: 1 | I48: Gol 6 - Gol do rato. Arthur da passe milimétrico pelo meio pro rato q coloca pra dentro | J48: {=INDEX(TeamsID!B:B,MATCH(D48,TeamsID!A:A,0))} -> RECEBA FC | K48: {=INDEX(GamesId!F:F,MATCH(E48,GamesId!A:A,0))} -> 45057 | L48: {=INDEX(GamesId!J:J,MATCH(E48,GamesId!A:A,0))} -> Thurs Men's D Spring 23
A49: =A48+1 -> 48 | B49: MatchStat | C49: Assist | D49: 2 | E49: 112 | F49: 4 | G49: {=if(ISNUMBER(F49),index(PlayerID!B:B,MATCH(F49,PlayerID!A:A,0)),"")} -> Rafael Franco | H49: 1 | I49: =I43 -> Gol 1 - Gol do Arthur. Sérgio estica pro rato q passa pro meio. Arthur domina tirando do zagueiro e goleiro e bate cruzado pra dentro do gol | J49: {=INDEX(TeamsID!B:B,MATCH(D49,TeamsID!A:A,0))} -> RECEBA FC | K49: {=INDEX(GamesId!F:F,MATCH(E49,GamesId!A:A,0))} -> 45057 | L49: {=INDEX(GamesId!J:J,MATCH(E49,GamesId!A:A,0))} -> Thurs Men's D Spring 23
A50: =A49+1 -> 49 | B50: MatchStat | C50: Assist | D50: 2 | E50: 112 | F50: 19 | G50: {=if(ISNUMBER(F50),index(PlayerID!B:B,MATCH(F50,PlayerID!A:A,0)),"")} -> Emerson Bernardes | H50: 1 | I50: =I45 -> Gol 3 - Ranieri. Contra ataque assist do Emerson . Corta luz a lá Rivaldo do Cleiton. Ranierto carlos fuzilou pra dentro. | J50: {=INDEX(TeamsID!B:B,MATCH(D50,TeamsID!A:A,0))} -> RECEBA FC | K50: {=INDEX(GamesId!F:F,MATCH(E50,GamesId!A:A,0))} -> 45057 | L50: {=INDEX(GamesId!J:J,MATCH(E50,GamesId!A:A,0))} -> Thurs Men's D Spring 23
A51: =A50+1 -> 50 | B51: MatchStat | C51: Assist | D51: 2 | E51: 112 | F51: 19 | G51: {=if(ISNUMBER(F51),index(PlayerID!B:B,MATCH(F51,PlayerID!A:A,0)),"")} -> Emerson Bernardes | H51: 1 | I51: =I46 -> Gol 4 - Gol do Penis. Tabela com Emerson em um contra ataque | J51: {=INDEX(TeamsID!B:B,MATCH(D51,TeamsID!A:A,0))} -> RECEBA FC | K51: {=INDEX(GamesId!F:F,MATCH(E51,GamesId!A:A,0))} -> 45057 | L51: {=INDEX(GamesId!J:J,MATCH(E51,GamesId!A:A,0))} -> Thurs Men's D Spring 23
A52: =A51+1 -> 51 | B52: MatchStat | C52: Assist | D52: 2 | E52: 112 | F52: 10 | G52: {=if(ISNUMBER(F52),index(PlayerID!B:B,MATCH(F52,PlayerID!A:A,0)),"")} -> Arthur Mendes | H52: 1 | I52: =I47 -> Gol 5 - Gol do rato. Arthur tabela com Sérgio e depois serve o rato no meio da área | J52: {=INDEX(TeamsID!B:B,MATCH(D52,TeamsID!A:A,0))} -> RECEBA FC | K52: {=INDEX(GamesId!F:F,MATCH(E52,GamesId!A:A,0))} -> 45057 | L52: {=INDEX(GamesId!J:J,MATCH(E52,GamesId!A:A,0))} -> Thurs Men's D Spring 23
A53: =A52+1 -> 52 | B53: MatchStat | C53: Assist | D53: 2 | E53: 112 | F53: 10 | G53: {=if(ISNUMBER(F53),index(PlayerID!B:B,MATCH(F53,PlayerID!A:A,0)),"")} -> Arthur Mendes | H53: 1 | I53: =I48 -> Gol 6 - Gol do rato. Arthur da passe milimétrico pelo meio pro rato q coloca pra dentro | J53: {=INDEX(TeamsID!B:B,MATCH(D53,TeamsID!A:A,0))} -> RECEBA FC | K53: {=INDEX(GamesId!F:F,MATCH(E53,GamesId!A:A,0))} -> 45057 | L53: {=INDEX(GamesId!J:J,MATCH(E53,GamesId!A:A,0))} -> Thurs Men's D Spring 23
A54: =A53+1 -> 53 | B54: TeamStat | C54: StarPlayer | D54: 47 | E54: 112 | I54: Matuzalem | J54: {=INDEX(TeamsID!B:B,MATCH(D54,TeamsID!A:A,0))} -> Team Cookie | K54: {=INDEX(GamesId!F:F,MATCH(E54,GamesId!A:A,0))} -> 45057 | L54: {=INDEX(GamesId!J:J,MATCH(E54,GamesId!A:A,0))} -> Thurs Men's D Spring 23
A55: =A54+1 -> 54 | B55: MatchStat | C55: Obs | D55: 47 | E55: 112 | G55: {=if(ISNUMBER(F55),index(PlayerID!B:B,MATCH(F55,PlayerID!A:A,0)),"")} | I55: Xuxa completou pra esse time hj. Apanhou e ainda tomo elástico e outros drible humilhante do cleito. | J55: {=INDEX(TeamsID!B:B,MATCH(D55,TeamsID!A:A,0))} -> Team Cookie | K55: {=INDEX(GamesId!F:F,MATCH(E55,GamesId!A:A,0))} -> 45057 | L55: {=INDEX(GamesId!J:J,MATCH(E55,GamesId!A:A,0))} -> Thurs Men's D Spring 23
A56: =A55+1 -> 55 | B56: MatchStat | C56: Gol | D56: 1 | E56: 91 | F56: 10 | G56: {=if(ISNUMBER(F56),index(PlayerID!B:B,MATCH(F56,PlayerID!A:A,0)),"")} -> Arthur Mendes | H56: 1 | I56: Gol 1 - Gol do Arthur. dribla o goleiro apos rafa mattos dividir bola no ataque | J56: {=INDEX(TeamsID!B:B,MATCH(D56,TeamsID!A:A,0))} -> Brazukas | K56: {=INDEX(GamesId!F:F,MATCH(E56,GamesId!A:A,0))} -> 45068 | L56: {=INDEX(GamesId!J:J,MATCH(E56,GamesId!A:A,0))} -> Tues Men's D Spring 23
A57: =A56+1 -> 56 | B57: MatchStat | C57: Gol | D57: 1 | E57: 91 | F57: 9 | G57: {=if(ISNUMBER(F57),index(PlayerID!B:B,MATCH(F57,PlayerID!A:A,0)),"")} -> Guilherme Kuster | H57: 1 | I57: Gol 2 - Gol do kuster ganhando duas divididas e batendo pro gol | J57: {=INDEX(TeamsID!B:B,MATCH(D57,TeamsID!A:A,0))} -> Brazukas | K57: {=INDEX(GamesId!F:F,MATCH(E57,GamesId!A:A,0))} -> 45068 | L57: {=INDEX(GamesId!J:J,MATCH(E57,GamesId!A:A,0))} -> Tues Men's D Spring 23
A58: =A57+1 -> 57 | B58: MatchStat | C58: Gol | D58: 1 | E58: 91 | F58: 9 | G58: {=if(ISNUMBER(F58),index(PlayerID!B:B,MATCH(F58,PlayerID!A:A,0)),"")} -> Guilherme Kuster | H58: 1 | I58: Gol 3 - Gol Kuster dominando de pescoco um tijolo q o JB msandou. Lindo voleio de canhota | J58: {=INDEX(TeamsID!B:B,MATCH(D58,TeamsID!A:A,0))} -> Brazukas | K58: {=INDEX(GamesId!F:F,MATCH(E58,GamesId!A:A,0))} -> 45068 | L58: {=INDEX(GamesId!J:J,MATCH(E58,GamesId!A:A,0))} -> Tues Men's D Spring 23
A59: =A58+1 -> 58 | B59: MatchStat | C59: Gol | D59: 1 | E59: 91 | F59: 4 | G59: {=if(ISNUMBER(F59),index(PlayerID!B:B,MATCH(F59,PlayerID!A:A,0)),"")} -> Rafael Franco | H59: 1 | I59: Gol 4 - Rato de dentro da area completa cruzamento/chute de biquinho do Rafa Mattos | J59: {=INDEX(TeamsID!B:B,MATCH(D59,TeamsID!A:A,0))} -> Brazukas | K59: {=INDEX(GamesId!F:F,MATCH(E59,GamesId!A:A,0))} -> 45068 | L59: {=INDEX(GamesId!J:J,MATCH(E59,GamesId!A:A,0))} -> Tues Men's D Spring 23
A60: =A59+1 -> 59 | B60: MatchStat | C60: Assist | D60: 1 | E60: 91 | F60: 18 | G60: {=if(ISNUMBER(F60),index(PlayerID!B:B,MATCH(F60,PlayerID!A:A,0)),"")} -> Rafael Mattos | H60: 1 | I60: =I56 -> Gol 1 - Gol do Arthur. dribla o goleiro apos rafa mattos dividir bola no ataque | J60: {=INDEX(TeamsID!B:B,MATCH(D60,TeamsID!A:A,0))} -> Brazukas | K60: {=INDEX(GamesId!F:F,MATCH(E60,GamesId!A:A,0))} -> 45068 | L60: {=INDEX(GamesId!J:J,MATCH(E60,GamesId!A:A,0))} -> Tues Men's D Spring 23
A61: =A60+1 -> 60 | B61: MatchStat | C61: Assist | D61: 1 | E61: 91 | F61: 5 | G61: {=if(ISNUMBER(F61),index(PlayerID!B:B,MATCH(F61,PlayerID!A:A,0)),"")} -> Joao Barros | H61: 1 | I61: =I58 -> Gol 3 - Gol Kuster dominando de pescoco um tijolo q o JB msandou. Lindo voleio de canhota | J61: {=INDEX(TeamsID!B:B,MATCH(D61,TeamsID!A:A,0))} -> Brazukas | K61: {=INDEX(GamesId!F:F,MATCH(E61,GamesId!A:A,0))} -> 45068 | L61: {=INDEX(GamesId!J:J,MATCH(E61,GamesId!A:A,0))} -> Tues Men's D Spring 23
A62: =A61+1 -> 61 | B62: MatchStat | C62: Assist | D62: 1 | E62: 91 | F62: 18 | G62: {=if(ISNUMBER(F62),index(PlayerID!B:B,MATCH(F62,PlayerID!A:A,0)),"")} -> Rafael Mattos | H62: 1 | I62: =I59 -> Gol 4 - Rato de dentro da area completa cruzamento/chute de biquinho do Rafa Mattos | J62: {=INDEX(TeamsID!B:B,MATCH(D62,TeamsID!A:A,0))} -> Brazukas | K62: {=INDEX(GamesId!F:F,MATCH(E62,GamesId!A:A,0))} -> 45068 | L62: {=INDEX(GamesId!J:J,MATCH(E62,GamesId!A:A,0))} -> Tues Men's D Spring 23
A63: =A62+1 -> 62 | B63: MatchStat | C63: Gol | D63: 2 | E63: 113 | F63: 14 | G63: {=if(ISNUMBER(F63),index(PlayerID!B:B,MATCH(F63,PlayerID!A:A,0)),"")} -> Marcelo Mazzafera | H63: 1 | I63: Gol Mazza Assist Pablo | J63: {=INDEX(TeamsID!B:B,MATCH(D63,TeamsID!A:A,0))} -> RECEBA FC | K63: {=INDEX(GamesId!F:F,MATCH(E63,GamesId!A:A,0))} -> 45064 | L63: {=INDEX(GamesId!J:J,MATCH(E63,GamesId!A:A,0))} -> Thurs Men's D Spring 23
A64: =A63+1 -> 63 | B64: MatchStat | C64: Gol | D64: 2 | E64: 113 | F64: 20 | G64: {=if(ISNUMBER(F64),index(PlayerID!B:B,MATCH(F64,PlayerID!A:A,0)),"")} -> Flavio | H64: 1 | I64: Gol Flavio Assist Kuster | J64: {=INDEX(TeamsID!B:B,MATCH(D64,TeamsID!A:A,0))} -> RECEBA FC | K64: {=INDEX(GamesId!F:F,MATCH(E64,GamesId!A:A,0))} -> 45064 | L64: {=INDEX(GamesId!J:J,MATCH(E64,GamesId!A:A,0))} -> Thurs Men's D Spring 23
A65: =A64+1 -> 64 | B65: MatchStat | C65: Gol | D65: 2 | E65: 113 | F65: 14 | G65: {=if(ISNUMBER(F65),index(PlayerID!B:B,MATCH(F65,PlayerID!A:A,0)),"")} -> Marcelo Mazzafera | H65: 1 | I65: Gol de falta do Mazza | J65: {=INDEX(TeamsID!B:B,MATCH(D65,TeamsID!A:A,0))} -> RECEBA FC | K65: {=INDEX(GamesId!F:F,MATCH(E65,GamesId!A:A,0))} -> 45064 | L65: {=INDEX(GamesId!J:J,MATCH(E65,GamesId!A:A,0))} -> Thurs Men's D Spring 23
A66: =A65+1 -> 65 | B66: MatchStat | C66: Gol | D66: 2 | E66: 113 | F66: 8 | G66: {=if(ISNUMBER(F66),index(PlayerID!B:B,MATCH(F66,PlayerID!A:A,0)),"")} -> Cleiton Góes | H66: 1 | I66: Gol Cleiton passe Kuster | J66: {=INDEX(TeamsID!B:B,MATCH(D66,TeamsID!A:A,0))} -> RECEBA FC | K66: {=INDEX(GamesId!F:F,MATCH(E66,GamesId!A:A,0))} -> 45064 | L66: {=INDEX(GamesId!J:J,MATCH(E66,GamesId!A:A,0))} -> Thurs Men's D Spring 23
A67: =A66+1 -> 66 | B67: MatchStat | C67: Gol | D67: 2 | E67: 113 | F67: 6 | G67: {=if(ISNUMBER(F67),index(PlayerID!B:B,MATCH(F67,PlayerID!A:A,0)),"")} -> Ranieri Filho | H67: 1 | I67: Gol Rani Assist Mazza | J67: {=INDEX(TeamsID!B:B,MATCH(D67,TeamsID!A:A,0))} -> RECEBA FC | K67: {=INDEX(GamesId!F:F,MATCH(E67,GamesId!A:A,0))} -> 45064 | L67: {=INDEX(GamesId!J:J,MATCH(E67,GamesId!A:A,0))} -> Thurs Men's D Spring 23
A68: =A67+1 -> 67 | B68: MatchStat | C68: Gol | D68: 2 | E68: 113 | F68: 14 | G68: {=if(ISNUMBER(F68),index(PlayerID!B:B,MATCH(F68,PlayerID!A:A,0)),"")} -> Marcelo Mazzafera | H68: 1 | I68: Gol mazza driblando todo mundo | J68: {=INDEX(TeamsID!B:B,MATCH(D68,TeamsID!A:A,0))} -> RECEBA FC | K68: {=INDEX(GamesId!F:F,MATCH(E68,GamesId!A:A,0))} -> 45064 | L68: {=INDEX(GamesId!J:J,MATCH(E68,GamesId!A:A,0))} -> Thurs Men's D Spring 23
A69: =A68+1 -> 68 | B69: MatchStat | C69: Gol | D69: 2 | E69: 113 | F69: 11 | G69: {=if(ISNUMBER(F69),index(PlayerID!B:B,MATCH(F69,PlayerID!A:A,0)),"")} -> Pablo Rodrigues | H69: 1 | I69: Gol Pablo assist rato | J69: {=INDEX(TeamsID!B:B,MATCH(D69,TeamsID!A:A,0))} -> RECEBA FC | K69: {=INDEX(GamesId!F:F,MATCH(E69,GamesId!A:A,0))} -> 45064 | L69: {=INDEX(GamesId!J:J,MATCH(E69,GamesId!A:A,0))} -> Thurs Men's D Spring 23
A70: =A69+1 -> 69 | B70: MatchStat | C70: Gol | D70: 2 | E70: 113 | F70: 8 | G70: {=if(ISNUMBER(F70),index(PlayerID!B:B,MATCH(F70,PlayerID!A:A,0)),"")} -> Cleiton Góes | H70: 1 | I70: Gol de letra do Cleito assist Kuster | J70: {=INDEX(TeamsID!B:B,MATCH(D70,TeamsID!A:A,0))} -> RECEBA FC | K70: {=INDEX(GamesId!F:F,MATCH(E70,GamesId!A:A,0))} -> 45064 | L70: {=INDEX(GamesId!J:J,MATCH(E70,GamesId!A:A,0))} -> Thurs Men's D Spring 23
A71: =A70+1 -> 70 | B71: MatchStat | C71: Gol | D71: 2 | E71: 113 | F71: 4 | G71: {=if(ISNUMBER(F71),index(PlayerID!B:B,MATCH(F71,PlayerID!A:A,0)),"")} -> Rafael Franco | H71: 1 | I71: Gol Rato rebote Kuster | J71: {=INDEX(TeamsID!B:B,MATCH(D71,TeamsID!A:A,0))} -> RECEBA FC | K71: {=INDEX(GamesId!F:F,MATCH(E71,GamesId!A:A,0))} -> 45064 | L71: {=INDEX(GamesId!J:J,MATCH(E71,GamesId!A:A,0))} -> Thurs Men's D Spring 23
A72: =A71+1 -> 71 | B72: MatchStat | C72: Gol | D72: 2 | E72: 113 | F72: 9 | G72: {=if(ISNUMBER(F72),index(PlayerID!B:B,MATCH(F72,PlayerID!A:A,0)),"")} -> Guilherme Kuster | H72: 1 | I72: Gol Kuster Assist Cleiton | J72: {=INDEX(TeamsID!B:B,MATCH(D72,TeamsID!A:A,0))} -> RECEBA FC | K72: {=INDEX(GamesId!F:F,MATCH(E72,GamesId!A:A,0))} -> 45064 | L72: {=INDEX(GamesId!J:J,MATCH(E72,GamesId!A:A,0))} -> Thurs Men's D Spring 23
A73: =A72+1 -> 72 | B73: MatchStat | C73: Gol | D73: 2 | E73: 113 | F73: 11 | G73: {=if(ISNUMBER(F73),index(PlayerID!B:B,MATCH(F73,PlayerID!A:A,0)),"")} -> Pablo Rodrigues | H73: 1 | I73: Gol Pablo assist Mazza | J73: {=INDEX(TeamsID!B:B,MATCH(D73,TeamsID!A:A,0))} -> RECEBA FC | K73: {=INDEX(GamesId!F:F,MATCH(E73,GamesId!A:A,0))} -> 45064 | L73: {=INDEX(GamesId!J:J,MATCH(E73,GamesId!A:A,0))} -> Thurs Men's D Spring 23
A74: =A73+1 -> 73 | B74: MatchStat | C74: Gol | D74: 2 | E74: 113 | F74: 11 | G74: {=if(ISNUMBER(F74),index(PlayerID!B:B,MATCH(F74,PlayerID!A:A,0)),"")} -> Pablo Rodrigues | H74: 1 | I74: Gol pablo driblando | J74: {=INDEX(TeamsID!B:B,MATCH(D74,TeamsID!A:A,0))} -> RECEBA FC | K74: {=INDEX(GamesId!F:F,MATCH(E74,GamesId!A:A,0))} -> 45064 | L74: {=INDEX(GamesId!J:J,MATCH(E74,GamesId!A:A,0))} -> Thurs Men's D Spring 23
A75: =A74+1 -> 74 | B75: MatchStat | C75: Gol | D75: 2 | E75: 113 | F75: 20 | G75: {=if(ISNUMBER(F75),index(PlayerID!B:B,MATCH(F75,PlayerID!A:A,0)),"")} -> Flavio | H75: 1 | I75: Gol Flavio | J75: {=INDEX(TeamsID!B:B,MATCH(D75,TeamsID!A:A,0))} -> RECEBA FC | K75: {=INDEX(GamesId!F:F,MATCH(E75,GamesId!A:A,0))} -> 45064 | L75: {=INDEX(GamesId!J:J,MATCH(E75,GamesId!A:A,0))} -> Thurs Men's D Spring 23
A76: =A75+1 -> 75 | B76: MatchStat | C76: Assist | D76: 2 | E76: 113 | F76: 14 | G76: {=if(ISNUMBER(F76),index(PlayerID!B:B,MATCH(F76,PlayerID!A:A,0)),"")} -> Marcelo Mazzafera | H76: 1 | I76: =I63 -> Gol Mazza Assist Pablo | J76: {=INDEX(TeamsID!B:B,MATCH(D76,TeamsID!A:A,0))} -> RECEBA FC | K76: {=INDEX(GamesId!F:F,MATCH(E76,GamesId!A:A,0))} -> 45064 | L76: {=INDEX(GamesId!J:J,MATCH(E76,GamesId!A:A,0))} -> Thurs Men's D Spring 23
A77: =A76+1 -> 76 | B77: MatchStat | C77: Assist | D77: 2 | E77: 113 | F77: 9 | G77: {=if(ISNUMBER(F77),index(PlayerID!B:B,MATCH(F77,PlayerID!A:A,0)),"")} -> Guilherme Kuster | H77: 1 | I77: =I64 -> Gol Flavio Assist Kuster | J77: {=INDEX(TeamsID!B:B,MATCH(D77,TeamsID!A:A,0))} -> RECEBA FC | K77: {=INDEX(GamesId!F:F,MATCH(E77,GamesId!A:A,0))} -> 45064 | L77: {=INDEX(GamesId!J:J,MATCH(E77,GamesId!A:A,0))} -> Thurs Men's D Spring 23
A78: =A77+1 -> 77 | B78: MatchStat | C78: Assist | D78: 2 | E78: 113 | F78: 9 | G78: {=if(ISNUMBER(F78),index(PlayerID!B:B,MATCH(F78,PlayerID!A:A,0)),"")} -> Guilherme Kuster | H78: 1 | I78: =I66 -> Gol Cleiton passe Kuster | J78: {=INDEX(TeamsID!B:B,MATCH(D78,TeamsID!A:A,0))} -> RECEBA FC | K78: {=INDEX(GamesId!F:F,MATCH(E78,GamesId!A:A,0))} -> 45064 | L78: {=INDEX(GamesId!J:J,MATCH(E78,GamesId!A:A,0))} -> Thurs Men's D Spring 23
A79: =A78+1 -> 78 | B79: MatchStat | C79: Assist | D79: 2 | E79: 113 | F79: 14 | G79: {=if(ISNUMBER(F79),index(PlayerID!B:B,MATCH(F79,PlayerID!A:A,0)),"")} -> Marcelo Mazzafera | H79: 1 | I79: =I67 -> Gol Rani Assist Mazza | J79: {=INDEX(TeamsID!B:B,MATCH(D79,TeamsID!A:A,0))} -> RECEBA FC | K79: {=INDEX(GamesId!F:F,MATCH(E79,GamesId!A:A,0))} -> 45064 | L79: {=INDEX(GamesId!J:J,MATCH(E79,GamesId!A:A,0))} -> Thurs Men's D Spring 23
A80: =A79+1 -> 79 | B80: MatchStat | C80: Assist | D80: 2 | E80: 113 | F80: 4 | G80: {=if(ISNUMBER(F80),index(PlayerID!B:B,MATCH(F80,PlayerID!A:A,0)),"")} -> Rafael Franco | H80: 1 | I80: =I69 -> Gol Pablo assist rato | J80: {=INDEX(TeamsID!B:B,MATCH(D80,TeamsID!A:A,0))} -> RECEBA FC | K80: {=INDEX(GamesId!F:F,MATCH(E80,GamesId!A:A,0))} -> 45064 | L80: {=INDEX(GamesId!J:J,MATCH(E80,GamesId!A:A,0))} -> Thurs Men's D Spring 23
A81: =A80+1 -> 80 | B81: MatchStat | C81: Assist | D81: 2 | E81: 113 | F81: 9 | G81: {=if(ISNUMBER(F81),index(PlayerID!B:B,MATCH(F81,PlayerID!A:A,0)),"")} -> Guilherme Kuster | H81: 1 | I81: =I70 -> Gol de letra do Cleito assist Kuster | J81: {=INDEX(TeamsID!B:B,MATCH(D81,TeamsID!A:A,0))} -> RECEBA FC | K81: {=INDEX(GamesId!F:F,MATCH(E81,GamesId!A:A,0))} -> 45064 | L81: {=INDEX(GamesId!J:J,MATCH(E81,GamesId!A:A,0))} -> Thurs Men's D Spring 23
A82: =A81+1 -> 81 | B82: MatchStat | C82: Assist | D82: 2 | E82: 113 | F82: 8 | G82: {=if(ISNUMBER(F82),index(PlayerID!B:B,MATCH(F82,PlayerID!A:A,0)),"")} -> Cleiton Góes | H82: 1 | I82: =I72 -> Gol Kuster Assist Cleiton | J82: {=INDEX(TeamsID!B:B,MATCH(D82,TeamsID!A:A,0))} -> RECEBA FC | K82: {=INDEX(GamesId!F:F,MATCH(E82,GamesId!A:A,0))} -> 45064 | L82: {=INDEX(GamesId!J:J,MATCH(E82,GamesId!A:A,0))} -> Thurs Men's D Spring 23
A83: =A82+1 -> 82 | B83: MatchStat | C83: Gol | D83: 1 | E83: 90 | F83: 9 | G83: {=if(ISNUMBER(F83),index(PlayerID!B:B,MATCH(F83,PlayerID!A:A,0)),"")} -> Guilherme Kuster | H83: 1 | I83: Kuster sobrou na are | J83: {=INDEX(TeamsID!B:B,MATCH(D83,TeamsID!A:A,0))} -> Brazukas | K83: {=INDEX(GamesId!F:F,MATCH(E83,GamesId!A:A,0))} -> 45062 | L83: {=INDEX(GamesId!J:J,MATCH(E83,GamesId!A:A,0))} -> Tues Men's D Spring 23
A84: =A83+1 -> 83 | B84: MatchStat | C84: Gol | D84: 1 | E84: 90 | F84: 18 | G84: {=if(ISNUMBER(F84),index(PlayerID!B:B,MATCH(F84,PlayerID!A:A,0)),"")} -> Rafael Mattos | H84: 1 | I84: Rafa Mattos | J84: {=INDEX(TeamsID!B:B,MATCH(D84,TeamsID!A:A,0))} -> Brazukas | K84: {=INDEX(GamesId!F:F,MATCH(E84,GamesId!A:A,0))} -> 45062 | L84: {=INDEX(GamesId!J:J,MATCH(E84,GamesId!A:A,0))} -> Tues Men's D Spring 23
A85: =A84+1 -> 84 | B85: MatchStat | C85: Gol | D85: 1 | E85: 90 | F85: 15 | G85: {=if(ISNUMBER(F85),index(PlayerID!B:B,MATCH(F85,PlayerID!A:A,0)),"")} -> Gustavo Bitencourt | H85: 1 | I85: Gol Gus, passe do Kuster | J85: {=INDEX(TeamsID!B:B,MATCH(D85,TeamsID!A:A,0))} -> Brazukas | K85: {=INDEX(GamesId!F:F,MATCH(E85,GamesId!A:A,0))} -> 45062 | L85: {=INDEX(GamesId!J:J,MATCH(E85,GamesId!A:A,0))} -> Tues Men's D Spring 23
A86: =A85+1 -> 85 | B86: MatchStat | C86: Gol | D86: 1 | E86: 90 | F86: 16 | G86: {=if(ISNUMBER(F86),index(PlayerID!B:B,MATCH(F86,PlayerID!A:A,0)),"")} -> Tamir Guy | H86: 1 | I86: Gol Tamir passe do Rato | J86: {=INDEX(TeamsID!B:B,MATCH(D86,TeamsID!A:A,0))} -> Brazukas | K86: {=INDEX(GamesId!F:F,MATCH(E86,GamesId!A:A,0))} -> 45062 | L86: {=INDEX(GamesId!J:J,MATCH(E86,GamesId!A:A,0))} -> Tues Men's D Spring 23
A87: =A86+1 -> 86 | B87: MatchStat | C87: Gol | D87: 1 | E87: 90 | F87: 6 | G87: {=if(ISNUMBER(F87),index(PlayerID!B:B,MATCH(F87,PlayerID!A:A,0)),"")} -> Ranieri Filho | H87: 1 | I87: Gol Rani assist Kuster | J87: {=INDEX(TeamsID!B:B,MATCH(D87,TeamsID!A:A,0))} -> Brazukas | K87: {=INDEX(GamesId!F:F,MATCH(E87,GamesId!A:A,0))} -> 45062 | L87: {=INDEX(GamesId!J:J,MATCH(E87,GamesId!A:A,0))} -> Tues Men's D Spring 23
A88: =A87+1 -> 87 | B88: MatchStat | C88: Gol | D88: 1 | E88: 90 | F88: 7 | G88: {=if(ISNUMBER(F88),index(PlayerID!B:B,MATCH(F88,PlayerID!A:A,0)),"")} -> Sergio Filho | H88: 1 | I88: Gol sergio assist Gus | J88: {=INDEX(TeamsID!B:B,MATCH(D88,TeamsID!A:A,0))} -> Brazukas | K88: {=INDEX(GamesId!F:F,MATCH(E88,GamesId!A:A,0))} -> 45062 | L88: {=INDEX(GamesId!J:J,MATCH(E88,GamesId!A:A,0))} -> Tues Men's D Spring 23
A89: =A88+1 -> 88 | B89: MatchStat | C89: Assist | D89: 1 | E89: 90 | F89: 9 | G89: {=if(ISNUMBER(F89),index(PlayerID!B:B,MATCH(F89,PlayerID!A:A,0)),"")} -> Guilherme Kuster | H89: 1 | I89: Gol Gus passe do Kuster | J89: {=INDEX(TeamsID!B:B,MATCH(D89,TeamsID!A:A,0))} -> Brazukas | K89: {=INDEX(GamesId!F:F,MATCH(E89,GamesId!A:A,0))} -> 45062 | L89: {=INDEX(GamesId!J:J,MATCH(E89,GamesId!A:A,0))} -> Tues Men's D Spring 23
A90: =A89+1 -> 89 | B90: MatchStat | C90: Assist | D90: 1 | E90: 90 | F90: 4 | G90: {=if(ISNUMBER(F90),index(PlayerID!B:B,MATCH(F90,PlayerID!A:A,0)),"")} -> Rafael Franco | H90: 1 | I90: Gol Gus passe do Kuster | J90: {=INDEX(TeamsID!B:B,MATCH(D90,TeamsID!A:A,0))} -> Brazukas | K90: {=INDEX(GamesId!F:F,MATCH(E90,GamesId!A:A,0))} -> 45062 | L90: {=INDEX(GamesId!J:J,MATCH(E90,GamesId!A:A,0))} -> Tues Men's D Spring 23
A91: =A90+1 -> 90 | B91: MatchStat | C91: Assist | D91: 1 | E91: 90 | F91: 9 | G91: {=if(ISNUMBER(F91),index(PlayerID!B:B,MATCH(F91,PlayerID!A:A,0)),"")} -> Guilherme Kuster | H91: 1 | I91: Gol Gus passe do Kuster | J91: {=INDEX(TeamsID!B:B,MATCH(D91,TeamsID!A:A,0))} -> Brazukas | K91: {=INDEX(GamesId!F:F,MATCH(E91,GamesId!A:A,0))} -> 45062 | L91: {=INDEX(GamesId!J:J,MATCH(E91,GamesId!A:A,0))} -> Tues Men's D Spring 23
A92: =A91+1 -> 91 | B92: MatchStat | C92: Assist | D92: 1 | E92: 90 | F92: 15 | G92: {=if(ISNUMBER(F92),index(PlayerID!B:B,MATCH(F92,PlayerID!A:A,0)),"")} -> Gustavo Bitencourt | H92: 1 | I92: Gol Gus passe do Kuster | J92: {=INDEX(TeamsID!B:B,MATCH(D92,TeamsID!A:A,0))} -> Brazukas | K92: {=INDEX(GamesId!F:F,MATCH(E92,GamesId!A:A,0))} -> 45062 | L92: {=INDEX(GamesId!J:J,MATCH(E92,GamesId!A:A,0))} -> Tues Men's D Spring 23
A93: =A92+1 -> 92 | B93: MatchStat | C93: Assist | D93: 1 | E93: 90 | F93: 9 | G93: {=if(ISNUMBER(F93),index(PlayerID!B:B,MATCH(F93,PlayerID!A:A,0)),"")} -> Guilherme Kuster | H93: 1 | I93: Gol Gus passe do Kuster | J93: {=INDEX(TeamsID!B:B,MATCH(D93,TeamsID!A:A,0))} -> Brazukas | K93: {=INDEX(GamesId!F:F,MATCH(E93,GamesId!A:A,0))} -> 45062 | L93: {=INDEX(GamesId!J:J,MATCH(E93,GamesId!A:A,0))} -> Tues Men's D Spring 23

Sheet GamesId
A1: GameID | B1: Home_Team | C1: Home_Score | D1: Away_Team | E1: Away_Score | F1: Date | G1: Time | H1: Org | I1: Venue | J1: League | K1: HomeID | L1: AwayID | M1: Home Result
A2: 1 | B2: {=INDEX(TeamsID!B:B,MATCH(K2,TeamsID!A:A,0))} -> Brazukas | C2: 4 | D2: {=INDEX(TeamsID!B:B,MATCH(L2,TeamsID!A:A,0))} -> BB 2.0 | E2: 2 | F2: 44383 | G2: 0.42361111 | H2: Magnuson | J2: Tues Men's D Summer 21 | K2: 1 | L2: 34 | M2: =IF(C2>E2,"WIN",if(C2<E2,"DEFEAT","TIE")) -> WIN
A3: =A2+1 -> 2 | B3: {=INDEX(TeamsID!B:B,MATCH(K3,TeamsID!A:A,0))} -> Immune to Defense | C3: 4 | D3: {=INDEX(TeamsID!B:B,MATCH(L3,TeamsID!A:A,0))} -> Brazukas | E3: 1 | F3: =F2+7 -> 44390 | G3: 0.38888889 | H3: Magnuson | J3: Tues Men's D Summer 21 | K3: 3 | L3: 1 | M3: =IF(C3>E3,"WIN",if(C3<E3,"DEFEAT","TIE")) -> WIN
A4: =A3+1 -> 3 | B4: {=INDEX(TeamsID!B:B,MATCH(K4,TeamsID!A:A,0))} -> Brazukas | C4: 1 | D4: {=INDEX(TeamsID!B:B,MATCH(L4,TeamsID!A:A,0))} -> Seattle Sperm Bank | E4: 2 | F4: 44398 | G4: 0.32986111 | H4: Magnuson | J4: Tues Men's D Summer 21 | K4: 1 | L4: 35 | M4: =IF(C4>E4,"WIN",if(C4<E4,"DEFEAT","TIE")) -> DEFEAT
A5: =A4+1 -> 4 | B5: {=INDEX(TeamsID!B:B,MATCH(K5,TeamsID!A:A,0))} -> Husar | C5: 3 | D5: {=INDEX(TeamsID!B:B,MATCH(L5,TeamsID!A:A,0))} -> Brazukas | E5: 4 | F5: 44404 | G5: 0.31597222 | H5: Magnuson | J5: Tues Men's D Summer 21 | K5: 4 | L5: 1 | M5: =IF(C5>E5,"WIN",if(C5<E5,"DEFEAT","TIE")) -> DEFEAT
A6: =A5+1 -> 5 | B6: {=INDEX(TeamsID!B:B,MATCH(K6,TeamsID!A:A,0))} -> Brazukas | C6: 8 | D6: {=INDEX(TeamsID!B:B,MATCH(L6,TeamsID!A:A,0))} -> LivePerson | E6: 4 | F6: =F5+7 -> 44411 | G6: 0.3125 | H6: Magnuson | J6: Tues Men's D Summer 21 | K6: 1 | L6: 36 | M6: =IF(C6>E6,"WIN",if(C6<E6,"DEFEAT","TIE")) -> WIN
A7: =A6+1 -> 6 | B7: {=INDEX(TeamsID!B:B,MATCH(K7,TeamsID!A:A,0))} -> Brazukas | C7: 4 | D7: {=INDEX(TeamsID!B:B,MATCH(L7,TeamsID!A:A,0))} -> Un Real | E7: 4 | F7: 44419 | G7: 0.25694444 | H7: Magnuson | J7: Tues Men's D Summer 21 | K7: 1 | L7: 17 | M7: =IF(C7>E7,"WIN",if(C7<E7,"DEFEAT","TIE")) -> TIE
A8: =A7+1 -> 7 | B8: {=INDEX(TeamsID!B:B,MATCH(K8,TeamsID!A:A,0))} -> Brazukas | C8: 7 | D8: {=INDEX(TeamsID!B:B,MATCH(L8,TeamsID!A:A,0))} -> Blue Horseshoes | E8: 4 | F8: 44425 | H8: Magnuson | J8: Tues Men's D Fall 21 | K8: 1 | L8: 37 | M8: =IF(C8>E8,"WIN",if(C8<E8,"DEFEAT","TIE")) -> WIN
A9: =A8+1 -> 8 | B9: {=INDEX(TeamsID!B:B,MATCH(K9,TeamsID!A:A,0))} -> Brazukas | C9: 3 | D9: {=INDEX(TeamsID!B:B,MATCH(L9,TeamsID!A:A,0))} -> Magma | E9: 3 | F9: 44432 | H9: Magnuson | J9: Tues Men's D Fall 21 | K9: 1 | L9: 12 | M9: =IF(C9>E9,"WIN",if(C9<E9,"DEFEAT","TIE")) -> TIE
A10: =A9+1 -> 9 | B10: {=INDEX(TeamsID!B:B,MATCH(K10,TeamsID!A:A,0))} -> Husar | C10: 7 | D10: {=INDEX(TeamsID!B:B,MATCH(L10,TeamsID!A:A,0))} -> Brazukas | E10: 1 | F10: 44439 | H10: Magnuson | J10: Tues Men's D Fall 21 | K10: 4 | L10: 1 | M10: =IF(C10>E10,"WIN",if(C10<E10,"DEFEAT","TIE")) -> WIN
A11: =A10+1 -> 10 | B11: {=INDEX(TeamsID!B:B,MATCH(K11,TeamsID!A:A,0))} -> Blackfoot Ballers | C11: 7 | D11: {=INDEX(TeamsID!B:B,MATCH(L11,TeamsID!A:A,0))} -> Brazukas | E11: 3 | F11: 44446 | H11: Magnuson | J11: Tues Men's D Fall 21 | K11: 5 | L11: 1 | M11: =IF(C11>E11,"WIN",if(C11<E11,"DEFEAT","TIE")) -> WIN
A12: =A11+1 -> 11 | B12: {=INDEX(TeamsID!B:B,MATCH(K12,TeamsID!A:A,0))} -> Brazukas | C12: 4 | D12: {=INDEX(TeamsID!B:B,MATCH(L12,TeamsID!A:A,0))} -> FC Twente One | E12: 3 | F12: 44453 | H12: Magnuson | J12: Tues Men's D Fall 21 | K12: 1 | L12: 10 | M12: =IF(C12>E12,"WIN",if(C12<E12,"DEFEAT","TIE")) -> WIN
A13: =A12+1 -> 12 | B13: {=INDEX(TeamsID!B:B,MATCH(K13,TeamsID!A:A,0))} -> KOMPAS | C13: 3 | D13: {=INDEX(TeamsID!B:B,MATCH(L13,TeamsID!A:A,0))} -> Brazukas | E13: 4 | F13: 44460 | H13: Magnuson | J13: Tues Men's D Fall 21 | K13: 6 | L13: 1 | M13: =IF(C13>E13,"WIN",if(C13<E13,"DEFEAT","TIE")) -> DEFEAT
A14: =A13+1 -> 13 | B14: {=INDEX(TeamsID!B:B,MATCH(K14,TeamsID!A:A,0))} -> Brazukas | C14: 3 | D14: {=INDEX(TeamsID!B:B,MATCH(L14,TeamsID!A:A,0))} -> My Chemical Bromance | E14: 3 | F14: 44467 | H14: Magnuson | J14: Tues Men's D Fall 21 | K14: 1 | L14: 38 | M14: =IF(C14>E14,"WIN",if(C14<E14,"DEFEAT","TIE")) -> TIE
A15: =A14+1 -> 14 | B15: {=INDEX(TeamsID!B:B,MATCH(K15,TeamsID!A:A,0))} -> Brazukas | C15: 4 | D15: {=INDEX(TeamsID!B:B,MATCH(L15,TeamsID!A:A,0))} -> Seattle Americans | E15: 6 | F15: 44474 | H15: Magnuson | J15: Tues Men's D Fall 21 | K15: 1 | L15: 9 | M15: =IF(C15>E15,"WIN",if(C15<E15,"DEFEAT","TIE")) -> DEFEAT
A16: =A15+1 -> 15 | B16: {=INDEX(TeamsID!B:B,MATCH(K16,TeamsID!A:A,0))} -> Advil United | C16: 6 | D16: {=INDEX(TeamsID!B:B,MATCH(L16,TeamsID!A:A,0))} -> Brazukas | E16: 7 | F16: 44481 | H16: Magnuson | J16: Tues Men's D Winter 21 | K16: 7 | L16: 1 | M16: =IF(C16>E16,"WIN",if(C16<E16,"DEFEAT","TIE")) -> DEFEAT
A17: =A16+1 -> 16 | B17: {=INDEX(TeamsID!B:B,MATCH(K17,TeamsID!A:A,0))} -> Brazukas | C17: 6 | D17: {=INDEX(TeamsID!B:B,MATCH(L17,TeamsID!A:A,0))} -> No Tactics, Just Vibes | E17: 4 | F17: =F16+7 -> 44488 | H17: Magnuson | J17: Tues Men's D Winter 21 | K17: 1 | L17: 11 | M17: =IF(C17>E17,"WIN",if(C17<E17,"DEFEAT","TIE")) -> WIN
A18: =A17+1 -> 17 | B18: {=INDEX(TeamsID!B:B,MATCH(K18,TeamsID!A:A,0))} -> Brazukas | C18: 2 | D18: {=INDEX(TeamsID!B:B,MATCH(L18,TeamsID!A:A,0))} -> Crouch Potatoes | E18: 6 | F18: =F17+7 -> 44495 | H18: Magnuson | J18: Tues Men's D Winter 21 | K18: 1 | L18: 14 | M18: =IF(C18>E18,"WIN",if(C18<E18,"DEFEAT","TIE")) -> DEFEAT
A19: =A18+1 -> 18 | B19: {=INDEX(TeamsID!B:B,MATCH(K19,TeamsID!A:A,0))} -> Brazukas | C19: 4 | D19: {=INDEX(TeamsID!B:B,MATCH(L19,TeamsID!A:A,0))} -> Blackfoot Ballers | E19: 8 | F19: =F18+7 -> 44502 | H19: Magnuson | J19: Tues Men's D Winter 21 | K19: 1 | L19: 5 | M19: =IF(C19>E19,"WIN",if(C19<E19,"DEFEAT","TIE")) -> DEFEAT
A20: =A19+1 -> 19 | B20: {=INDEX(TeamsID!B:B,MATCH(K20,TeamsID!A:A,0))} -> Brazukas | C20: 3 | D20: {=INDEX(TeamsID!B:B,MATCH(L20,TeamsID!A:A,0))} -> Crouch Potatoes | E20: 0 | F20: =F19+7 -> 44509 | H20: Magnuson | J20: Tues Men's D Winter 21 | K20: 1 | L20: 14 | M20: =IF(C20>E20,"WIN",if(C20<E20,"DEFEAT","TIE")) -> WIN
A21: =A20+1 -> 20 | B21: {=INDEX(TeamsID!B:B,MATCH(K21,TeamsID!A:A,0))} -> Faceball | C21: 2 | D21: {=INDEX(TeamsID!B:B,MATCH(L21,TeamsID!A:A,0))} -> Brazukas | E21: 3 | F21: 44523 | H21: Magnuson | J21: Tues Men's D Winter 21 | K21: 8 | L21: 1 | M21: =IF(C21>E21,"WIN",if(C21<E21,"DEFEAT","TIE")) -> DEFEAT
A22: =A21+1 -> 21 | B22: {=INDEX(TeamsID!B:B,MATCH(K22,TeamsID!A:A,0))} -> Brazukas | C22: 3 | D22: {=INDEX(TeamsID!B:B,MATCH(L22,TeamsID!A:A,0))} -> Latin Heat | E22: 5 | F22: =F21+7 -> 44530 | H22: Magnuson | J22: Tues Men's D Winter 21 | K22: 1 | L22: 39 | M22: =IF(C22>E22,"WIN",if(C22<E22,"DEFEAT","TIE")) -> DEFEAT
A23: =A22+1 -> 22 | B23: {=INDEX(TeamsID!B:B,MATCH(K23,TeamsID!A:A,0))} -> Seattle Americans | C23: 5 | D23: {=INDEX(TeamsID!B:B,MATCH(L23,TeamsID!A:A,0))} -> Brazukas | E23: 2 | F23: =F22+7 -> 44537 | H23: Magnuson | J23: Tues Men's D Winter 21 | K23: 9 | L23: 1 | M23: =IF(C23>E23,"WIN",if(C23<E23,"DEFEAT","TIE")) -> WIN
A24: =A23+1 -> 23 | B24: {=INDEX(TeamsID!B:B,MATCH(K24,TeamsID!A:A,0))} -> FC Twente One | C24: 3 | D24: {=INDEX(TeamsID!B:B,MATCH(L24,TeamsID!A:A,0))} -> Brazukas | E24: 4 | F24: =F23+7 -> 44544 | H24: Magnuson | J24: Tues Men's D Winter 21 | K24: 10 | L24: 1 | M24: =IF(C24>E24,"WIN",if(C24<E24,"DEFEAT","TIE")) -> DEFEAT
A25: =A24+1 -> 24 | B25: {=INDEX(TeamsID!B:B,MATCH(K25,TeamsID!A:A,0))} -> No Tactics, Just Vibes | C25: 0 | D25: {=INDEX(TeamsID!B:B,MATCH(L25,TeamsID!A:A,0))} -> Brazukas | E25: 0 | F25: =F24+7 -> 44551 | H25: Magnuson | J25: Tues Men's D Winter 21 | K25: 11 | L25: 1 | M25: =IF(C25>E25,"WIN",if(C25<E25,"DEFEAT","TIE")) -> TIE
A26: =A25+1 -> 25 | B26: {=INDEX(TeamsID!B:B,MATCH(K26,TeamsID!A:A,0))} -> Magma | C26: 0 | D26: {=INDEX(TeamsID!B:B,MATCH(L26,TeamsID!A:A,0))} -> Brazukas | E26: 4 | F26: 44551 | H26: Magnuson | J26: Tues Men's D Winter 21 | K26: 12 | L26: 1 | M26: =IF(C26>E26,"WIN",if(C26<E26,"DEFEAT","TIE")) -> DEFEAT
A27: =A26+1 -> 26 | B27: {=INDEX(TeamsID!B:B,MATCH(K27,TeamsID!A:A,0))} -> Husar | C27: 5 | D27: {=INDEX(TeamsID!B:B,MATCH(L27,TeamsID!A:A,0))} -> Brazukas | E27: 3 | F27: 44565 | H27: Magnuson | J27: Tues Men's D Winter 21 | K27: 4 | L27: 1 | M27: =IF(C27>E27,"WIN",if(C27<E27,"DEFEAT","TIE")) -> WIN
A28: =A27+1 -> 27 | B28: {=INDEX(TeamsID!B:B,MATCH(K28,TeamsID!A:A,0))} -> Fuchester United | C28: 3 | D28: {=INDEX(TeamsID!B:B,MATCH(L28,TeamsID!A:A,0))} -> Brazukas | E28: 6 | F28: 44579 | H28: Magnuson | J28: Tues Men's D Winter II 22 | K28: 13 | L28: 1 | M28: =IF(C28>E28,"WIN",if(C28<E28,"DEFEAT","TIE")) -> DEFEAT
A29: =A28+1 -> 28 | B29: {=INDEX(TeamsID!B:B,MATCH(K29,TeamsID!A:A,0))} -> Brazukas | C29: 4 | D29: {=INDEX(TeamsID!B:B,MATCH(L29,TeamsID!A:A,0))} -> Faceball | E29: 4 | F29: 44958 | H29: Magnuson | J29: Tues Men's D Winter II 22 | K29: 1 | L29: 8 | M29: =IF(C29>E29,"WIN",if(C29<E29,"DEFEAT","TIE")) -> TIE
A30: =A29+1 -> 29 | B30: {=INDEX(TeamsID!B:B,MATCH(K30,TeamsID!A:A,0))} -> Brazukas | C30: 3 | D30: {=INDEX(TeamsID!B:B,MATCH(L30,TeamsID!A:A,0))} -> Husar | E30: 2 | F30: 44958 | H30: Magnuson | J30: Tues Men's D Winter II 22 | K30: 1 | L30: 4 | M30: =IF(C30>E30,"WIN",if(C30<E30,"DEFEAT","TIE")) -> WIN
A31: =A30+1 -> 30 | B31: {=INDEX(TeamsID!B:B,MATCH(K31,TeamsID!A:A,0))} -> FC Twente One | C31: 6 | D31: {=INDEX(TeamsID!B:B,MATCH(L31,TeamsID!A:A,0))} -> Brazukas | E31: 4 | F31: =F30+7 -> 44965 | H31: Magnuson | J31: Tues Men's D Winter II 22 | K31: 10 | L31: 1 | M31: =IF(C31>E31,"WIN",if(C31<E31,"DEFEAT","TIE")) -> WIN
A32: =A31+1 -> 31 | B32: {=INDEX(TeamsID!B:B,MATCH(K32,TeamsID!A:A,0))} -> Advil United | C32: 3 | D32: {=INDEX(TeamsID!B:B,MATCH(L32,TeamsID!A:A,0))} -> Brazukas | E32: 4 | F32: =F31+7 -> 44972 | H32: Magnuson | J32: Tues Men's D Winter II 22 | K32: 7 | L32: 1 | M32: =IF(C32>E32,"WIN",if(C32<E32,"DEFEAT","TIE")) -> DEFEAT
A33: =A32+1 -> 32 | B33: {=INDEX(TeamsID!B:B,MATCH(K33,TeamsID!A:A,0))} -> Brazukas | C33: 6 | D33: {=INDEX(TeamsID!B:B,MATCH(L33,TeamsID!A:A,0))} -> Crouch Potatoes | E33: 4 | F33: =F32+7 -> 44979 | H33: Magnuson | J33: Tues Men's D Winter II 22 | K33: 1 | L33: 14 | M33: =IF(C33>E33,"WIN",if(C33<E33,"DEFEAT","TIE")) -> WIN
A34: =A33+1 -> 33 | B34: {=INDEX(TeamsID!B:B,MATCH(K34,TeamsID!A:A,0))} -> Brazukas | C34: 2 | D34: {=INDEX(TeamsID!B:B,MATCH(L34,TeamsID!A:A,0))} -> Faceball | E34: 2 | F34: =F33+7 -> 44986 | H34: Magnuson | J34: Tues Men's D Winter II 22 | K34: 1 | L34: 8 | M34: =IF(C34>E34,"WIN",if(C34<E34,"DEFEAT","TIE")) -> TIE
A35: =A34+1 -> 34 | B35: {=INDEX(TeamsID!B:B,MATCH(K35,TeamsID!A:A,0))} -> Seattle Americans | C35: 10 | D35: {=INDEX(TeamsID!B:B,MATCH(L35,TeamsID!A:A,0))} -> Brazukas | E35: 7 | F35: =F34+7 -> 44993 | H35: Magnuson | J35: Tues Men's D Winter II 22 | K35: 9 | L35: 1 | M35: =IF(C35>E35,"WIN",if(C35<E35,"DEFEAT","TIE")) -> WIN
A36: =A35+1 -> 35 | B36: {=INDEX(TeamsID!B:B,MATCH(K36,TeamsID!A:A,0))} -> Brazukas | C36: 1 | D36: {=INDEX(TeamsID!B:B,MATCH(L36,TeamsID!A:A,0))} -> Blackfoot Ballers | E36: 6 | F36: =F35+7 -> 45000 | H36: Magnuson | J36: Tues Men's D Winter II 22 | K36: 1 | L36: 5 | M36: =IF(C36>E36,"WIN",if(C36<E36,"DEFEAT","TIE")) -> DEFEAT
A37: =A36+1 -> 36 | B37: {=INDEX(TeamsID!B:B,MATCH(K37,TeamsID!A:A,0))} -> Brazukas | C37: 13 | D37: {=INDEX(TeamsID!B:B,MATCH(L37,TeamsID!A:A,0))} -> Fuchester United | E37: 4 | F37: =F36+7 -> 45007 | H37: Magnuson | J37: Tues Men's D Winter II 22 | K37: 1 | L37: 13 | M37: =IF(C37>E37,"WIN",if(C37<E37,"DEFEAT","TIE")) -> WIN
A38: =A37+1 -> 37 | B38: {=INDEX(TeamsID!B:B,MATCH(K38,TeamsID!A:A,0))} -> Husar | C38: 2 | D38: {=INDEX(TeamsID!B:B,MATCH(L38,TeamsID!A:A,0))} -> Brazukas | E38: 4 | F38: =F37+7 -> 45014 | H38: Magnuson | J38: Tues Men's D Winter II 22 | K38: 4 | L38: 1 | M38: =IF(C38>E38,"WIN",if(C38<E38,"DEFEAT","TIE")) -> DEFEAT
A39: =A38+1 -> 38 | B39: {=INDEX(TeamsID!B:B,MATCH(K39,TeamsID!A:A,0))} -> FC Twente One | C39: 5 | D39: {=INDEX(TeamsID!B:B,MATCH(L39,TeamsID!A:A,0))} -> Brazukas | E39: 3 | F39: 44663 | H39: Magnuson | J39: Tues Men's D Winter II 22 | K39: 10 | L39: 1 | M39: =IF(C39>E39,"WIN",if(C39<E39,"DEFEAT","TIE")) -> WIN
A40: =A39+1 -> 39 | B40: {=INDEX(TeamsID!B:B,MATCH(K40,TeamsID!A:A,0))} -> Crouch Potatoes | C40: 2 | D40: {=INDEX(TeamsID!B:B,MATCH(L40,TeamsID!A:A,0))} -> Brazukas | E40: 1 | F40: 44670 | H40: Magnuson | J40: Tues Men's D Spring 22 | K40: 14 | L40: 1 | M40: =IF(C40>E40,"WIN",if(C40<E40,"DEFEAT","TIE")) -> WIN
A41: =A40+1 -> 40 | B41: {=INDEX(TeamsID!B:B,MATCH(K41,TeamsID!A:A,0))} -> Edge Delta | C41: 1 | D41: {=INDEX(TeamsID!B:B,MATCH(L41,TeamsID!A:A,0))} -> Brazukas | E41: 4 | F41: =F40+7 -> 44677 | H41: Magnuson | J41: Tues Men's D Spring 22 | K41: 15 | L41: 1 | M41: =IF(C41>E41,"WIN",if(C41<E41,"DEFEAT","TIE")) -> DEFEAT
A42: =A41+1 -> 41 | B42: {=INDEX(TeamsID!B:B,MATCH(K42,TeamsID!A:A,0))} -> Brazukas | C42: 5 | D42: {=INDEX(TeamsID!B:B,MATCH(L42,TeamsID!A:A,0))} -> Blackfoot Ballers | E42: 4 | F42: =F41+7 -> 44684 | H42: Magnuson | J42: Tues Men's D Spring 22 | K42: 1 | L42: 5 | M42: =IF(C42>E42,"WIN",if(C42<E42,"DEFEAT","TIE")) -> WIN
A43: =A42+1 -> 42 | B43: {=INDEX(TeamsID!B:B,MATCH(K43,TeamsID!A:A,0))} -> Brazukas | C43: 1 | D43: {=INDEX(TeamsID!B:B,MATCH(L43,TeamsID!A:A,0))} -> Latin Heat | E43: 5 | F43: =F42+7 -> 44691 | H43: Magnuson | J43: Tues Men's D Spring 22 | K43: 1 | L43: 39 | M43: =IF(C43>E43,"WIN",if(C43<E43,"DEFEAT","TIE")) -> DEFEAT
A44: =A43+1 -> 43 | B44: {=INDEX(TeamsID!B:B,MATCH(K44,TeamsID!A:A,0))} -> Seattle Americans | C44: 5 | D44: {=INDEX(TeamsID!B:B,MATCH(L44,TeamsID!A:A,0))} -> Brazukas | E44: 4 | F44: =F43+7 -> 44698 | H44: Magnuson | J44: Tues Men's D Spring 22 | K44: 9 | L44: 1 | M44: =IF(C44>E44,"WIN",if(C44<E44,"DEFEAT","TIE")) -> WIN
A45: =A44+1 -> 44 | B45: {=INDEX(TeamsID!B:B,MATCH(K45,TeamsID!A:A,0))} -> Brazukas | C45: 3 | D45: {=INDEX(TeamsID!B:B,MATCH(L45,TeamsID!A:A,0))} -> Fuchester United | E45: 4 | F45: =F44+7 -> 44705 | H45: Magnuson | J45: Tues Men's D Spring 22 | K45: 1 | L45: 13 | M45: =IF(C45>E45,"WIN",if(C45<E45,"DEFEAT","TIE")) -> DEFEAT
A46: =A45+1 -> 45 | B46: {=INDEX(TeamsID!B:B,MATCH(K46,TeamsID!A:A,0))} -> Brazukas | C46: 5 | D46: {=INDEX(TeamsID!B:B,MATCH(L46,TeamsID!A:A,0))} -> Faceball | E46: 4 | F46: 44719 | H46: Magnuson | J46: Tues Men's D Spring 22 | K46: 1 | L46: 8 | M46: =IF(C46>E46,"WIN",if(C46<E46,"DEFEAT","TIE")) -> WIN
A47: =A46+1 -> 46 | B47: {=INDEX(TeamsID!B:B,MATCH(K47,TeamsID!A:A,0))} -> Advil United | C47: 7 | D47: {=INDEX(TeamsID!B:B,MATCH(L47,TeamsID!A:A,0))} -> Brazukas | E47: 3 | F47: =F46+7 -> 44726 | H47: Magnuson | J47: Tues Men's D Spring 22 | K47: 7 | L47: 1 | M47: =IF(C47>E47,"WIN",if(C47<E47,"DEFEAT","TIE")) -> WIN
A48: =A47+1 -> 47 | B48: {=INDEX(TeamsID!B:B,MATCH(K48,TeamsID!A:A,0))} -> Edge Delta | C48: 1 | D48: {=INDEX(TeamsID!B:B,MATCH(L48,TeamsID!A:A,0))} -> Brazukas | E48: 3 | F48: =F47+7 -> 44733 | H48: Magnuson | J48: Tues Men's D Spring 22 | K48: 15 | L48: 1 | M48: =IF(C48>E48,"WIN",if(C48<E48,"DEFEAT","TIE")) -> DEFEAT
A49: =A48+1 -> 48 | B49: {=INDEX(TeamsID!B:B,MATCH(K49,TeamsID!A:A,0))} -> Brazukas | C49: 3 | D49: {=INDEX(TeamsID!B:B,MATCH(L49,TeamsID!A:A,0))} -> Blackfoot Ballers | E49: 4 | F49: =F48+7 -> 44740 | H49: Magnuson | J49: Tues Men's D Spring 22 | K49: 1 | L49: 5 | M49: =IF(C49>E49,"WIN",if(C49<E49,"DEFEAT","TIE")) -> DEFEAT
A50: =A49+1 -> 49 | B50: {=INDEX(TeamsID!B:B,MATCH(K50,TeamsID!A:A,0))} -> Brazukas | C50: 2 | D50: {=INDEX(TeamsID!B:B,MATCH(L50,TeamsID!A:A,0))} -> Latin Heat | E50: 3 | F50: =F49+7 -> 44747 | H50: Magnuson | J50: Tues Men's D Spring 22 | K50: 1 | L50: 39 | M50: =IF(C50>E50,"WIN",if(C50<E50,"DEFEAT","TIE")) -> DEFEAT
A51: =A50+1 -> 50 | B51: {=INDEX(TeamsID!B:B,MATCH(K51,TeamsID!A:A,0))} -> Crouch Potatoes | C51: 6 | D51: {=INDEX(TeamsID!B:B,MATCH(L51,TeamsID!A:A,0))} -> Brazukas | E51: 3 | F51: =F50+7 -> 44754 | H51: Magnuson | J51: Tues Men's D Spring 22 | K51: 14 | L51: 1 | M51: =IF(C51>E51,"WIN",if(C51<E51,"DEFEAT","TIE")) -> WIN
A52: =A51+1 -> 51 | B52: {=INDEX(TeamsID!B:B,MATCH(K52,TeamsID!A:A,0))} -> Wolves | C52: 6 | D52: {=INDEX(TeamsID!B:B,MATCH(L52,TeamsID!A:A,0))} -> Brazukas | E52: 2 | F52: =F51+7 -> 44761 | H52: Magnuson | J52: Tues Men's D Summer 22 | K52: 16 | L52: 1 | M52: =IF(C52>E52,"WIN",if(C52<E52,"DEFEAT","TIE")) -> WIN
A53: =A52+1 -> 52 | B53: {=INDEX(TeamsID!B:B,MATCH(K53,TeamsID!A:A,0))} -> Brazukas | C53: 4 | D53: {=INDEX(TeamsID!B:B,MATCH(L53,TeamsID!A:A,0))} -> Advil United | E53: 5 | F53: =F52+7 -> 44768 | H53: Magnuson | J53: Tues Men's D Summer 22 | K53: 1 | L53: 7 | M53: =IF(C53>E53,"WIN",if(C53<E53,"DEFEAT","TIE")) -> DEFEAT
A54: =A53+1 -> 53 | B54: {=INDEX(TeamsID!B:B,MATCH(K54,TeamsID!A:A,0))} -> Brazukas | C54: 2 | D54: {=INDEX(TeamsID!B:B,MATCH(L54,TeamsID!A:A,0))} -> Fuchester United | E54: 4 | F54: =F53+7 -> 44775 | H54: Magnuson | J54: Tues Men's D Summer 22 | K54: 1 | L54: 13 | M54: =IF(C54>E54,"WIN",if(C54<E54,"DEFEAT","TIE")) -> DEFEAT
A55: =A54+1 -> 54 | B55: {=INDEX(TeamsID!B:B,MATCH(K55,TeamsID!A:A,0))} -> Edge Delta | C55: 0 | D55: {=INDEX(TeamsID!B:B,MATCH(L55,TeamsID!A:A,0))} -> Brazukas | E55: 0 | F55: 44782 | H55: Magnuson | J55: Tues Men's D Summer 22 | K55: 15 | L55: 1 | M55: =IF(C55>E55,"WIN",if(C55<E55,"DEFEAT","TIE")) -> TIE
A56: =A55+1 -> 55 | B56: {=INDEX(TeamsID!B:B,MATCH(K56,TeamsID!A:A,0))} -> Crouch Potatoes | C56: 5 | D56: {=INDEX(TeamsID!B:B,MATCH(L56,TeamsID!A:A,0))} -> Brazukas | E56: 4 | F56: 44789 | H56: Magnuson | J56: Tues Men's D Summer 22 | K56: 14 | L56: 1 | M56: =IF(C56>E56,"WIN",if(C56<E56,"DEFEAT","TIE")) -> WIN
A57: =A56+1 -> 56 | B57: {=INDEX(TeamsID!B:B,MATCH(K57,TeamsID!A:A,0))} -> Brazukas | C57: 5 | D57: {=INDEX(TeamsID!B:B,MATCH(L57,TeamsID!A:A,0))} -> Wolves | E57: 9 | F57: 44796 | H57: Magnuson | J57: Tues Men's D Summer 22 | K57: 1 | L57: 16 | M57: =IF(C57>E57,"WIN",if(C57<E57,"DEFEAT","TIE")) -> DEFEAT
A58: =A57+1 -> 57 | B58: {=INDEX(TeamsID!B:B,MATCH(K58,TeamsID!A:A,0))} -> Un Real | C58: 4 | D58: {=INDEX(TeamsID!B:B,MATCH(L58,TeamsID!A:A,0))} -> Brazukas | E58: 2 | F58: 44803 | H58: Magnuson | J58: Tues Men's D Fall 22 | K58: 17 | L58: 1 | M58: =IF(C58>E58,"WIN",if(C58<E58,"DEFEAT","TIE")) -> WIN
A59: =A58+1 -> 58 | B59: {=INDEX(TeamsID!B:B,MATCH(K59,TeamsID!A:A,0))} -> Brazukas | C59: 6 | D59: {=INDEX(TeamsID!B:B,MATCH(L59,TeamsID!A:A,0))} -> Advil United | E59: 4 | F59: 44810 | H59: Magnuson | J59: Tues Men's D Fall 22 | K59: 1 | L59: 7 | M59: =IF(C59>E59,"WIN",if(C59<E59,"DEFEAT","TIE")) -> WIN
A60: =A59+1 -> 59 | B60: {=INDEX(TeamsID!B:B,MATCH(K60,TeamsID!A:A,0))} -> Kroos Control | C60: 1 | D60: {=INDEX(TeamsID!B:B,MATCH(L60,TeamsID!A:A,0))} -> Brazukas | E60: 1 | F60: 44817 | H60: Magnuson | J60: Tues Men's D Fall 22 | K60: 18 | L60: 1 | M60: =IF(C60>E60,"WIN",if(C60<E60,"DEFEAT","TIE")) -> TIE
A61: =A60+1 -> 60 | B61: {=INDEX(TeamsID!B:B,MATCH(K61,TeamsID!A:A,0))} -> Brazukas | C61: 5 | D61: {=INDEX(TeamsID!B:B,MATCH(L61,TeamsID!A:A,0))} -> Blackfoot Ballers | E61: 5 | F61: 44824 | H61: Magnuson | J61: Tues Men's D Fall 22 | K61: 1 | L61: 5 | M61: =IF(C61>E61,"WIN",if(C61<E61,"DEFEAT","TIE")) -> TIE
A62: =A61+1 -> 61 | B62: {=INDEX(TeamsID!B:B,MATCH(K62,TeamsID!A:A,0))} -> Brazukas | C62: 4 | D62: {=INDEX(TeamsID!B:B,MATCH(L62,TeamsID!A:A,0))} -> Faceball | E62: 4 | F62: 44831 | H62: Magnuson | J62: Tues Men's D Fall 22 | K62: 1 | L62: 8 | M62: =IF(C62>E62,"WIN",if(C62<E62,"DEFEAT","TIE")) -> TIE
A63: =A62+1 -> 62 | B63: {=INDEX(TeamsID!B:B,MATCH(K63,TeamsID!A:A,0))} -> Crouch Potatoes | C63: 5 | D63: {=INDEX(TeamsID!B:B,MATCH(L63,TeamsID!A:A,0))} -> Brazukas | E63: 5 | F63: 44838 | H63: Magnuson | J63: Tues Men's D Fall 22 | K63: 14 | L63: 1 | M63: =IF(C63>E63,"WIN",if(C63<E63,"DEFEAT","TIE")) -> TIE
A64: =A63+1 -> 63 | B64: {=INDEX(TeamsID!B:B,MATCH(K64,TeamsID!A:A,0))} -> Blackfoot Ballers | C64: 7 | D64: {=INDEX(TeamsID!B:B,MATCH(L64,TeamsID!A:A,0))} -> Brazukas | E64: 6 | F64: 44845 | H64: Magnuson | J64: Tues Men's D Winter I 22 | K64: 5 | L64: 1 | M64: =IF(C64>E64,"WIN",if(C64<E64,"DEFEAT","TIE")) -> WIN
A65: =A64+1 -> 64 | B65: {=INDEX(TeamsID!B:B,MATCH(K65,TeamsID!A:A,0))} -> FC #!bash | C65: 6 | D65: {=INDEX(TeamsID!B:B,MATCH(L65,TeamsID!A:A,0))} -> Brazukas | E65: 5 | F65: 44851 | H65: Magnuson | J65: Tues Men's D Winter I 22 | K65: 19 | L65: 1 | M65: =IF(C65>E65,"WIN",if(C65<E65,"DEFEAT","TIE")) -> WIN
A66: =A65+1 -> 65 | B66: {=INDEX(TeamsID!B:B,MATCH(K66,TeamsID!A:A,0))} -> KOMPAS | C66: 5 | D66: {=INDEX(TeamsID!B:B,MATCH(L66,TeamsID!A:A,0))} -> Brazukas | E66: 3 | F66: 44859 | H66: Magnuson | J66: Tues Men's D Winter I 22 | K66: 6 | L66: 1 | M66: =IF(C66>E66,"WIN",if(C66<E66,"DEFEAT","TIE")) -> WIN
A67: =A66+1 -> 66 | B67: {=INDEX(TeamsID!B:B,MATCH(K67,TeamsID!A:A,0))} -> Brazukas | C67: 2 | D67: {=INDEX(TeamsID!B:B,MATCH(L67,TeamsID!A:A,0))} -> Un Real | E67: 5 | F67: =F66+7 -> 44866 | H67: Magnuson | J67: Tues Men's D Winter I 22 | K67: 1 | L67: 17 | M67: =IF(C67>E67,"WIN",if(C67<E67,"DEFEAT","TIE")) -> DEFEAT
A68: =A67+1 -> 67 | B68: {=INDEX(TeamsID!B:B,MATCH(K68,TeamsID!A:A,0))} -> Brazukas | C68: 2 | D68: {=INDEX(TeamsID!B:B,MATCH(L68,TeamsID!A:A,0))} -> BB 2.0 | E68: 4 | F68: =F67+7 -> 44873 | H68: Magnuson | J68: Tues Men's D Winter I 22 | K68: 1 | L68: 34 | M68: =IF(C68>E68,"WIN",if(C68<E68,"DEFEAT","TIE")) -> DEFEAT
A69: =A68+1 -> 68 | B69: {=INDEX(TeamsID!B:B,MATCH(K69,TeamsID!A:A,0))} -> Brazukas | C69: 8 | D69: {=INDEX(TeamsID!B:B,MATCH(L69,TeamsID!A:A,0))} -> Fuchester United | E69: 4 | F69: 44887 | H69: Magnuson | J69: Tues Men's D Winter I 22 | K69: 1 | L69: 13 | M69: =IF(C69>E69,"WIN",if(C69<E69,"DEFEAT","TIE")) -> WIN
A70: =A69+1 -> 69 | B70: {=INDEX(TeamsID!B:B,MATCH(K70,TeamsID!A:A,0))} -> Brazukas | C70: 9 | D70: {=INDEX(TeamsID!B:B,MATCH(L70,TeamsID!A:A,0))} -> Supermokh FC | E70: 2 | F70: 44894 | H70: Magnuson | J70: Tues Men's D Winter I 22 | K70: 1 | L70: 21 | M70: =IF(C70>E70,"WIN",if(C70<E70,"DEFEAT","TIE")) -> WIN
A71: =A70+1 -> 70 | B71: {=INDEX(TeamsID!B:B,MATCH(K71,TeamsID!A:A,0))} -> Brazukas | C71: 3 | D71: {=INDEX(TeamsID!B:B,MATCH(L71,TeamsID!A:A,0))} -> Crouch Potatoes | E71: 5 | F71: =F70+7 -> 44901 | H71: Magnuson | J71: Tues Men's D Winter I 22 | K71: 1 | L71: 14 | M71: =IF(C71>E71,"WIN",if(C71<E71,"DEFEAT","TIE")) -> DEFEAT
A72: =A71+1 -> 71 | B72: {=INDEX(TeamsID!B:B,MATCH(K72,TeamsID!A:A,0))} -> The Mighty Molars | C72: 6 | D72: {=INDEX(TeamsID!B:B,MATCH(L72,TeamsID!A:A,0))} -> Brazukas | E72: 2 | F72: =F71+7 -> 44908 | H72: Magnuson | J72: Tues Men's D Winter I 22 | K72: 20 | L72: 1 | M72: =IF(C72>E72,"WIN",if(C72<E72,"DEFEAT","TIE")) -> WIN
A73: =A72+1 -> 72 | B73: {=INDEX(TeamsID!B:B,MATCH(K73,TeamsID!A:A,0))} -> Supermokh FC | C73: 7 | D73: {=INDEX(TeamsID!B:B,MATCH(L73,TeamsID!A:A,0))} -> Brazukas | E73: 6 | F73: 44928 | H73: Magnuson | J73: Tues Men's D Winter I 22 | K73: 21 | L73: 1 | M73: =IF(C73>E73,"WIN",if(C73<E73,"DEFEAT","TIE")) -> WIN
A74: =A72+1 -> 72 | B74: {=INDEX(TeamsID!B:B,MATCH(K74,TeamsID!A:A,0))} -> Advil | C74: 1 | D74: {=INDEX(TeamsID!B:B,MATCH(L74,TeamsID!A:A,0))} -> Brazukas | E74: 4 | F74: 44936 | H74: Magnuson | J74: Tues Men's D Winter I 22 | K74: 22 | L74: 1 | M74: =IF(C74>E74,"WIN",if(C74<E74,"DEFEAT","TIE")) -> DEFEAT
A75: =A74+1 -> 73 | B75: {=INDEX(TeamsID!B:B,MATCH(K75,TeamsID!A:A,0))} -> Brazukas | C75: 1 | D75: {=INDEX(TeamsID!B:B,MATCH(L75,TeamsID!A:A,0))} -> Niupi | E75: 3 | F75: 44939 | H75: Magnuson | J75: Tues Men's D Winter I 22 | K75: 1 | L75: 40 | M75: =IF(C75>E75,"WIN",if(C75<E75,"DEFEAT","TIE")) -> DEFEAT
A76: =A75+1 -> 74 | B76: {=INDEX(TeamsID!B:B,MATCH(K76,TeamsID!A:A,0))} -> Brazukas | C76: 1 | D76: {=INDEX(TeamsID!B:B,MATCH(L76,TeamsID!A:A,0))} -> KOMPAS | E76: 0 | F76: 44943 | H76: Magnuson | J76: Tues Men's D Winter II 23 | K76: 1 | L76: 6 | M76: =IF(C76>E76,"WIN",if(C76<E76,"DEFEAT","TIE")) -> WIN
A77: =A76+1 -> 75 | B77: {=INDEX(TeamsID!B:B,MATCH(K77,TeamsID!A:A,0))} -> Brazukas | C77: 3 | D77: {=INDEX(TeamsID!B:B,MATCH(L77,TeamsID!A:A,0))} -> Sitting Ducks | E77: 3 | F77: =F76+7 -> 44950 | H77: Magnuson | J77: Tues Men's D Winter II 23 | K77: 1 | L77: 41 | M77: =IF(C77>E77,"WIN",if(C77<E77,"DEFEAT","TIE")) -> TIE
A78: =A77+1 -> 76 | B78: {=INDEX(TeamsID!B:B,MATCH(K78,TeamsID!A:A,0))} -> Brazukas | C78: 6 | D78: {=INDEX(TeamsID!B:B,MATCH(L78,TeamsID!A:A,0))} -> Boomers | E78: 9 | F78: =F77+7 -> 44957 | H78: Magnuson | J78: Tues Men's D Winter II 23 | K78: 1 | L78: 28 | M78: =IF(C78>E78,"WIN",if(C78<E78,"DEFEAT","TIE")) -> DEFEAT
A79: =A78+1 -> 77 | B79: {=INDEX(TeamsID!B:B,MATCH(K79,TeamsID!A:A,0))} -> Supermokh FC | C79: 5 | D79: {=INDEX(TeamsID!B:B,MATCH(L79,TeamsID!A:A,0))} -> Brazukas | E79: 6 | F79: =F78+7 -> 44964 | H79: Magnuson | J79: Tues Men's D Winter II 23 | K79: 21 | L79: 1 | M79: =IF(C79>E79,"WIN",if(C79<E79,"DEFEAT","TIE")) -> DEFEAT
A80: =A79+1 -> 78 | B80: {=INDEX(TeamsID!B:B,MATCH(K80,TeamsID!A:A,0))} -> Brazukas | C80: 4 | D80: {=INDEX(TeamsID!B:B,MATCH(L80,TeamsID!A:A,0))} -> Crouch Potatoes | E80: 7 | F80: =F79+7 -> 44971 | H80: Magnuson | J80: Tues Men's D Winter II 23 | K80: 1 | L80: 14 | M80: =IF(C80>E80,"WIN",if(C80<E80,"DEFEAT","TIE")) -> DEFEAT
A81: =A80+1 -> 79 | B81: {=INDEX(TeamsID!B:B,MATCH(K81,TeamsID!A:A,0))} -> Fuchester United | C81: 4 | D81: {=INDEX(TeamsID!B:B,MATCH(L81,TeamsID!A:A,0))} -> Brazukas | E81: 2 | F81: =F80+7 -> 44978 | H81: Magnuson | J81: Tues Men's D Winter II 23 | K81: 13 | L81: 1 | M81: =IF(C81>E81,"WIN",if(C81<E81,"DEFEAT","TIE")) -> WIN
A82: =A81+1 -> 80 | B82: {=INDEX(TeamsID!B:B,MATCH(K82,TeamsID!A:A,0))} -> Tuesday Gold | C82: 5 | D82: {=INDEX(TeamsID!B:B,MATCH(L82,TeamsID!A:A,0))} -> Brazukas | E82: 5 | F82: =F81+7 -> 44985 | H82: Magnuson | J82: Tues Men's D Winter II 23 | K82: 23 | L82: 1 | M82: =IF(C82>E82,"WIN",if(C82<E82,"DEFEAT","TIE")) -> TIE
A83: =A82+1 -> 81 | B83: {=INDEX(TeamsID!B:B,MATCH(K83,TeamsID!A:A,0))} -> FC #!bash | C83: 2 | D83: {=INDEX(TeamsID!B:B,MATCH(L83,TeamsID!A:A,0))} -> Brazukas | E83: 7 | F83: =F82+7 -> 44992 | H83: Magnuson | J83: Tues Men's D Winter II 23 | K83: 19 | L83: 1 | M83: =IF(C83>E83,"WIN",if(C83<E83,"DEFEAT","TIE")) -> DEFEAT
A84: =A83+1 -> 82 | B84: {=INDEX(TeamsID!B:B,MATCH(K84,TeamsID!A:A,0))} -> Brazukas | C84: 4 | D84: {=INDEX(TeamsID!B:B,MATCH(L84,TeamsID!A:A,0))} -> Niupi | E84: 9 | F84: =F83+7 -> 44999 | H84: Magnuson | J84: Tues Men's D Winter II 23 | K84: 1 | L84: 40 | M84: =IF(C84>E84,"WIN",if(C84<E84,"DEFEAT","TIE")) -> DEFEAT
A85: =A84+1 -> 83 | B85: {=INDEX(TeamsID!B:B,MATCH(K85,TeamsID!A:A,0))} -> Husar | C85: 7 | D85: {=INDEX(TeamsID!B:B,MATCH(L85,TeamsID!A:A,0))} -> Brazukas | E85: 4 | F85: =F84+7 -> 45006 | H85: Magnuson | J85: Tues Men's D Winter II 23 | K85: 4 | L85: 1 | M85: =IF(C85>E85,"WIN",if(C85<E85,"DEFEAT","TIE")) -> WIN
A86: =A85+1 -> 84 | B86: {=INDEX(TeamsID!B:B,MATCH(K86,TeamsID!A:A,0))} -> Mid Field Crisis | C86: 0 | D86: {=INDEX(TeamsID!B:B,MATCH(L86,TeamsID!A:A,0))} -> Brazukas | E86: 6 | F86: =F85+7 -> 45013 | H86: Magnuson | J86: Tues Men's D Winter II 23 | K86: 24 | L86: 1 | M86: =IF(C86>E86,"WIN",if(C86<E86,"DEFEAT","TIE")) -> DEFEAT
A87: =A86+1 -> 85 | B87: {=INDEX(TeamsID!B:B,MATCH(K87,TeamsID!A:A,0))} -> Brazukas | C87: 2 | D87: {=INDEX(TeamsID!B:B,MATCH(L87,TeamsID!A:A,0))} -> Blackfoot Ballers | E87: 4 | F87: =F86+7 -> 45020 | H87: Magnuson | J87: Tues Men's D Winter II 23 | K87: 1 | L87: 5 | M87: =IF(C87>E87,"WIN",if(C87<E87,"DEFEAT","TIE")) -> DEFEAT
A88: =A87+1 -> 86 | B88: {=INDEX(TeamsID!B:B,MATCH(K88,TeamsID!A:A,0))} -> Crouch Potatoes | C88: 2 | D88: {=INDEX(TeamsID!B:B,MATCH(L88,TeamsID!A:A,0))} -> Brazukas | E88: 4 | F88: 45034 | H88: Magnuson | J88: Tues Men's D Spring 23 | K88: 25 | L88: 1 | M88: =IF(C88>E88,"WIN",if(C88<E88,"DEFEAT","TIE")) -> DEFEAT
A89: =A88+1 -> 87 | B89: {=INDEX(TeamsID!B:B,MATCH(K89,TeamsID!A:A,0))} -> Brazukas | C89: 4 | D89: {=INDEX(TeamsID!B:B,MATCH(L89,TeamsID!A:A,0))} -> Blackfoot Ballers | E89: 5 | F89: =F88+7 -> 45041 | H89: Magnuson | J89: Tues Men's D Spring 23 | K89: 1 | L89: 5 | M89: =IF(C89>E89,"WIN",if(C89<E89,"DEFEAT","TIE")) -> DEFEAT
A90: =A89+1 -> 88 | B90: {=INDEX(TeamsID!B:B,MATCH(K90,TeamsID!A:A,0))} -> Axolotls | C90: 4 | D90: {=INDEX(TeamsID!B:B,MATCH(L90,TeamsID!A:A,0))} -> Brazukas | E90: 6 | F90: 45048 | H90: SODO | J90: Tues Men's D Spring 23 | K90: 26 | L90: 1 | M90: =IF(C90>E90,"WIN",if(C90<E90,"DEFEAT","TIE")) -> DEFEAT
A91: =A90+1 -> 89 | B91: {=INDEX(TeamsID!B:B,MATCH(K91,TeamsID!A:A,0))} -> Semi-Pro Conductors | C91: 4 | D91: {=INDEX(TeamsID!B:B,MATCH(L91,TeamsID!A:A,0))} -> Brazukas | E91: 4 | F91: 45055 | H91: Magnuson | J91: Tues Men's D Spring 23 | K91: 27 | L91: 1 | M91: =IF(C91>E91,"WIN",if(C91<E91,"DEFEAT","TIE")) -> TIE
A92: =A91+1 -> 90 | B92: {=INDEX(TeamsID!B:B,MATCH(K92,TeamsID!A:A,0))} -> Boomers | C92: 4 | D92: {=INDEX(TeamsID!B:B,MATCH(L92,TeamsID!A:A,0))} -> Brazukas | E92: 8 | F92: 45062 | H92: Magnuson | J92: Tues Men's D Spring 23 | K92: 28 | L92: 1 | M92: =IF(C92>E92,"WIN",if(C92<E92,"DEFEAT","TIE")) -> DEFEAT
A93: =A92+1 -> 91 | B93: {=INDEX(TeamsID!B:B,MATCH(K93,TeamsID!A:A,0))} -> Brazukas | C93: 4 | D93: {=INDEX(TeamsID!B:B,MATCH(L93,TeamsID!A:A,0))} -> Sitting Ducks | E93: 4 | F93: 45068 | H93: Magnuson | J93: Tues Men's D Spring 23 | K93: 1 | L93: 41 | M93: =IF(C93>E93,"WIN",if(C93<E93,"DEFEAT","TIE")) -> TIE
A94: =A93+1 -> 92 | B94: {=INDEX(TeamsID!B:B,MATCH(K94,TeamsID!A:A,0))} -> Brazukas | D94: {=INDEX(TeamsID!B:B,MATCH(L94,TeamsID!A:A,0))} -> magniFC | F94: 45076 | H94: Magnuson | J94: Tues Men's D Spring 23 | K94: 1 | L94: 42 | M94: =IF(C94>E94,"WIN",if(C94<E94,"DEFEAT","TIE")) -> TIE
A95: =A94+1 -> 93 | B95: {=INDEX(TeamsID!B:B,MATCH(K95,TeamsID!A:A,0))} -> Brazukas | D95: {=INDEX(TeamsID!B:B,MATCH(L95,TeamsID!A:A,0))} -> KOMPAS | F95: 45083 | H95: Magnuson | J95: Tues Men's D Spring 23 | K95: 1 | L95: 6 | M95: =IF(C95>E95,"WIN",if(C95<E95,"DEFEAT","TIE")) -> TIE
A96: =A95+1 -> 94 | B96: {=INDEX(TeamsID!B:B,MATCH(K96,TeamsID!A:A,0))} -> Brazukas | D96: {=INDEX(TeamsID!B:B,MATCH(L96,TeamsID!A:A,0))} -> Fuchester United | F96: 45090 | H96: Magnuson | J96: Tues Men's D Spring 23 | K96: 1 | L96: 13 | M96: =IF(C96>E96,"WIN",if(C96<E96,"DEFEAT","TIE")) -> TIE
A97: =A96+1 -> 95 | B97: {=INDEX(TeamsID!B:B,MATCH(K97,TeamsID!A:A,0))} -> Brazukas | D97: {=INDEX(TeamsID!B:B,MATCH(L97,TeamsID!A:A,0))} -> FC #!bash | F97: 45097 | H97: Magnuson | J97: Tues Men's D Spring 23 | K97: 1 | L97: 19 | M97: =IF(C97>E97,"WIN",if(C97<E97,"DEFEAT","TIE")) -> TIE
A98: =A97+1 -> 96 | B98: {=INDEX(TeamsID!B:B,MATCH(K98,TeamsID!A:A,0))} -> Crouch Potatoes | D98: {=INDEX(TeamsID!B:B,MATCH(L98,TeamsID!A:A,0))} -> Brazukas | F98: 45104 | H98: Magnuson | J98: Tues Men's D Spring 23 | K98: 25 | L98: 1 | M98: =IF(C98>E98,"WIN",if(C98<E98,"DEFEAT","TIE")) -> TIE
A99: =A98+1 -> 97 | B99: {=INDEX(TeamsID!B:B,MATCH(K99,TeamsID!A:A,0))} -> Blackfoot Ballers | D99: {=INDEX(TeamsID!B:B,MATCH(L99,TeamsID!A:A,0))} -> Brazukas | F99: 45104 | H99: Magnuson | J99: Tues Men's D Spring 23 | K99: 5 | L99: 1 | M99: =IF(C99>E99,"WIN",if(C99<E99,"DEFEAT","TIE")) -> TIE
A100: =A99+1 -> 98 | B100: {=INDEX(TeamsID!B:B,MATCH(K100,TeamsID!A:A,0))} -> The Roaring Eagles | C100: 4 | D100: {=INDEX(TeamsID!B:B,MATCH(L100,TeamsID!A:A,0))} -> RECEBA FC | E100: 3 | F100: 44945 | H100: Redmond | I100: LAX | J100: Thurs Men's D Winter II 23 | K100: 29 | L100: 2 | M100: =IF(C100>E100,"WIN",if(C100<E100,"DEFEAT","TIE")) -> WIN
...

Sheet PlayerID
A1: PlayerID | C1: Matches Played
A2: 1 | B2: Marcelo
A3: =A2+1 -> 2 | B3: Guilherme Souza
A4: =A3+1 -> 3 | B4: Joao Pinto
A5: =A4+1 -> 4 | B5: Rafael Franco
A6: =A5+1 -> 5 | B6: Joao Barros
A7: =A6+1 -> 6 | B7: Ranieri Filho
A8: =A7+1 -> 7 | B8: Sergio Filho
A9: =A8+1 -> 8 | B9: Cleiton Góes
A10: =A9+1 -> 9 | B10: Guilherme Kuster
A11: =A10+1 -> 10 | B11: Arthur Mendes | D11: 88 | E11: 110 | F11: 87
A12: =A11+1 -> 11 | B12: Pablo Rodrigues
A13: 12 | B13: Igor Kovacs
A14: 13 | B14: Caio Scofield
A15: 14 | B15: Marcelo Mazzafera
A16: 15 | B16: Gustavo Bitencourt
A17: 16 | B17: Tamir Guy
A18: 17 | B18: Luiz Felipe Mourao
A19: 18 | B19: Rafael Mattos
A20: 19 | B20: Emerson Bernardes
A21: 20 | B21: Flavio

Sheet TeamsID
A1: TeamID | B1: Home_Team | C1: Org | D1: Home Color | E1: Away Color | F1: Ex Name
A2: 1 | B2: Brazukas | C2: Magnuson | D2: White | E2: Yellow
A3: 2 | B3: RECEBA FC | C3: Redmond | D3: White | E3: Yellow
A4: 3 | B4: Immune to Defense | C4: Magnuson
A5: =A4+1 -> 4 | B5: Husar | C5: Magnuson
A6: =A5+1 -> 5 | B6: Blackfoot Ballers | C6: Magnuson
A7: =A6+1 -> 6 | B7: KOMPAS | C7: Magnuson
A8: =A7+1 -> 7 | B8: Advil United | C8: Magnuson
A9: =A8+1 -> 8 | B9: Faceball | C9: Magnuson
A10: =A9+1 -> 9 | B10: Seattle Americans | C10: Magnuson
A11: =A10+1 -> 10 | B11: FC Twente One | C11: Magnuson
A12: =A11+1 -> 11 | B12: No Tactics, Just Vibes | C12: Magnuson
A13: =A12+1 -> 12 | B13: Magma | C13: Magnuson
A14: =A13+1 -> 13 | B14: Fuchester United | C14: Magnuson
A15: =A14+1 -> 14 | B15: Crouch Potatoes | C15: Magnuson | F15: Show me da Mane
A16: =A15+1 -> 15 | B16: Edge Delta | C16: Magnuson
A17: =A16+1 -> 16 | B17: Wolves | C17: Magnuson
A18: =A17+1 -> 17 | B18: Un Real | C18: Magnuson
A19: =A18+1 -> 18 | B19: Kroos Control | C19: Magnuson
A20: =A19+1 -> 19 | B20: FC #!bash | C20: Magnuson
A21: =A20+1 -> 20 | B21: The Mighty Molars | C21: Magnuson
A22: =A21+1 -> 21 | B22: Supermokh FC | C22: Magnuson
A23: =A22+1 -> 22 | B23: Advil | C23: Magnuson
A24: =A23+1 -> 23 | B24: Tuesday Gold | C24: Magnuson
A25: =A24+1 -> 24 | B25: Mid Field Crisis | C25: Magnuson
A26: =A25+1 -> 25 | B26: Crouch Potatoes | C26: Magnuson
A27: =A26+1 -> 26 | B27: Axolotls | C27: Magnuson
... A47: =A46+1 -> 46 | B47: Dribblers FC | C47: Redmond
A48: =A47+1 -> 47 | B48: Team Cookie
A49: =A48+1 -> 48 | B49: Schedule Chickens
A50: =A49+1 -> 49 | B50: Real Mandrink
A51: =A50+1 -> 50 | B51: Pipe Dream
A52: =A51+1 -> 51 | B52: Dirty Dozen
A53: =A52+1 -> 52 | B53: Casa Real AC
